AFFGEOID,ST,STATE,ST_ABBR,COUNTY,FIPS,LOCATION,AREA_SQMI,E_TOTPOP,M_TOTPOP,E_HU,M_HU,E_HH,M_HH,E_POV,M_POV,E_UNEMP,M_UNEMP,E_PCI,M_PCI,E_NOHSDP,M_NOHSDP,E_AGE65,M_AGE65,E_AGE17,M_AGE17,E_DISABL,M_DISABL,E_SNGPNT,M_SNGPNT,E_MINRTY,M_MINRTY,E_LIMENG,M_LIMENG,E_MUNIT,M_MUNIT,E_MOBILE,M_MOBILE,E_CROWD,M_CROWD,E_NOVEH,M_NOVEH,E_GROUPQ,M_GROUPQ,EP_POV,MP_POV,EP_UNEMP,MP_UNEMP,EP_PCI,MP_PCI,EP_NOHSDP,MP_NOHSDP,EP_AGE65,MP_AGE65,EP_AGE17,MP_AGE17,EP_DISABL,MP_DISABL,EP_SNGPNT,MP_SNGPNT,EP_MINRTY,MP_MINRTY,EP_LIMENG,MP_LIMENG,EP_MUNIT,MP_MUNIT,EP_MOBILE,MP_MOBILE,EP_CROWD,MP_CROWD,EP_NOVEH,MP_NOVEH,EP_GROUPQ,MP_GROUPQ,EPL_POV,EPL_UNEMP,EPL_PCI,EPL_NOHSDP,SPL_THEME1,RPL_THEME1,EPL_AGE65,EPL_AGE17,EPL_DISABL,EPL_SNGPNT,SPL_THEME2,RPL_THEME2,EPL_MINRTY,EPL_LIMENG,SPL_THEME3,RPL_THEME3,EPL_MUNIT,EPL_MOBILE,EPL_CROWD,EPL_NOVEH,EPL_GROUPQ,SPL_THEME4,RPL_THEME4,SPL_THEMES,RPL_THEMES,F_POV,F_UNEMP,F_PCI,F_NOHSDP,F_THEME1,F_AGE65,F_AGE17,F_DISABL,F_SNGPNT,F_THEME2,F_MINRTY,F_LIMENG,F_THEME3,F_MUNIT,F_MOBILE,F_CROWD,F_NOVEH,F_GROUPQ,F_THEME4,F_TOTAL,E_UNINSUR,M_UNINSUR,EP_UNINSUR,MP_UNINSUR,E_DAYPOP,Shape,Shape.STArea(),Shape.STLength()
0500000US39039,39,OHIO,OH,Defiance,39039,"Defiance County, Ohio",411.44956811,38795.0,0.0,16742.0,123.0,15332.0,263.0,5119.0,640.0,1689.0,248.0,23539.0,724.0,2822.0,268.0,6214.0,52.0,9315.0,30.0,5072.0,419.0,1567.0,240.8,4939.0,24.0,258.0,152.0,512.0,144.0,988.0,173.0,233.0,86.7,828.0,170.0,713.0,251.0,13.5,1.7,8.6,1.2,23539.0,724.0,10.9,1.0,16.0,0.1,24.0,0.1,13.2,1.1,10.2,1.6,12.7,0.1,0.7,0.4,3.1,0.9,5.9,1.0,1.5,0.6,5.4,1.1,1.8,0.6,0.2989,0.4138,0.4713,0.3678,1.5517,0.3448,0.5517,0.6437,0.2989,0.7931,2.2874,0.7241,0.8276,0.7471,1.5747,0.8391,0.4138,0.4483,0.6667,0.2529,0.4598,2.2414,0.3333,7.6552,0.5172,0.0,0.0,0.0,0.0,0.0,0.0,0.0,0.0,0.0,0.0,0.0,0.0,0.0,0.0,0.0,0.0,0.0,0.0,0.0,0.0,4182.0,482.0,10.9,1.2,38915.0,"(-84.49047483599412, 41.32391658868772)",0.11535745259158758,1.6737056623375428
0500000US39095,39,OHIO,OH,Lucas,39095,"Lucas County, Ohio",340.85567033,438167.0,0.0,202323.0,318.0,178121.0,967.0,90339.0,2844.0,26931.0,1107.0,24683.0,335.0,33474.0,1203.0,60559.0,0.0,102958.0,0.0,64585.0,1636.0,21742.0,881.7,129961.0,222.0,2562.0,376.5,23298.0,1048.4,4879.0,446.0,1767.0,299.2,19302.0,738.0,9933.0,703.0,21.1,0.7,12.3,0.5,24683.0,335.0,11.6,0.4,13.8,0.0,23.5,0.0,14.9,0.4,12.2,0.5,29.7,0.1,0.6,0.1,11.5,0.5,2.4,0.2,1.0,0.2,10.8,0.4,2.3,0.2,0.9195,0.9425,0.3218,0.4713,2.6552,0.7241,0.1724,0.4828,0.5862,0.9885,2.2299,0.6552,0.9655,0.6782,1.6437,0.8966,0.9655,0.1609,0.2759,0.9655,0.5747,2.9425,0.7126,9.4713,0.8621,1.0,1.0,0.0,0.0,2.0,0.0,0.0,0.0,1.0,1.0,1.0,0.0,1.0,1.0,0.0,0.0,1.0,0.0,2.0,6.0,50150.0,2346.0,11.6,0.5,479637.0,"(-83.65655064601188, 41.62054361784616)",0.09815164507468914,1.979386347877749
0500000US39115,39,OHIO,OH,Morgan,39115,"Morgan County, Ohio",416.42320049,14977.0,0.0,7858.0,40.0,6056.0,219.0,2851.0,414.0,577.0,150.0,21010.0,2109.0,1410.0,167.0,2733.0,35.0,3384.0,30.0,2733.0,254.0,480.0,123.4,1093.0,22.0,25.0,73.0,161.0,46.9,1659.0,222.0,111.0,55.4,392.0,99.0,186.0,89.0,19.5,2.8,9.0,2.3,21010.0,2109.0,13.5,1.6,18.2,0.2,22.6,0.2,18.5,1.7,7.9,2.0,7.3,0.1,0.2,0.5,2.0,0.6,21.1,2.8,1.8,0.9,6.5,1.6,1.2,0.6,0.8851,0.5057,0.8161,0.7241,2.931,0.8046,0.8851,0.2989,0.8851,0.2414,2.3103,0.7471,0.5517,0.1839,0.7356,0.2874,0.2874,0.9425,0.8506,0.4483,0.2414,2.7701,0.6092,8.7471,0.7471,0.0,0.0,0.0,0.0,0.0,0.0,0.0,0.0,0.0,0.0,0.0,0.0,0.0,0.0,1.0,0.0,0.0,0.0,1.0,1.0,1988.0,298.0,13.4,2.0,12638.0,"(-81.8526722143366, 39.62037593029601)",0.11458630568008142,1.6844800809502456
0500000US39043,39,OHIO,OH,Erie,39043,"Erie County, Ohio",251.59523197,76416.0,0.0,37777.0,130.0,31998.0,519.0,9543.0,956.0,3340.0,406.0,26909.0,941.0,5441.0,527.0,14041.0,81.0,16397.0,68.0,10936.0,596.0,2824.0,333.8,11929.0,103.0,301.0,131.5,2426.0,320.3,1438.0,252.0,295.0,124.6,2258.0,288.0,1450.0,260.0,12.7,1.3,8.6,1.0,26909.0,941.0,10.1,1.0,18.4,0.1,21.5,0.1,14.5,0.8,8.8,1.0,15.6,0.1,0.4,0.2,6.4,0.8,3.8,0.7,0.9,0.4,7.1,0.9,1.9,0.3,0.2069,0.4138,0.1954,0.2069,1.023,0.1839,0.908,0.1494,0.5517,0.4713,2.0805,0.5172,0.8851,0.5057,1.3908,0.7816,0.8046,0.2069,0.2184,0.6207,0.4828,2.3333,0.3793,6.8276,0.3678,0.0,0.0,0.0,0.0,0.0,1.0,0.0,0.0,0.0,1.0,0.0,0.0,0.0,0.0,0.0,0.0,0.0,0.0,0.0,1.0,7997.0,802.0,10.6,1.1,81301.0,"(-82.61966439243704, 41.36466153890492)",0.07211868461856265,1.7516002039080505
0500000US39061,39,OHIO,OH,Hamilton,39061,"Hamilton County, Ohio",405.90600054,803272.0,0.0,377018.0,520.0,329062.0,1560.0,144831.0,3817.0,40144.0,1534.0,30062.0,303.0,57814.0,1765.0,109876.0,13.0,187740.0,105.0,98909.0,1912.0,36938.0,1136.7,264583.0,372.0,8265.0,859.0,63809.0,1553.8,3586.0,375.0,4936.0,490.2,40831.0,1355.0,18111.0,1158.0,18.4,0.5,9.6,0.4,30062.0,303.0,10.8,0.3,13.7,0.1,23.4,0.0,12.4,0.2,11.2,0.3,32.9,0.0,1.1,0.1,16.9,0.4,1.0,0.1,1.5,0.1,12.4,0.4,2.3,0.1,0.7356,0.5862,0.0575,0.3448,1.7241,0.4253,0.1264,0.4598,0.2184,0.931,1.7356,0.2989,0.977,0.8966,1.8736,0.977,0.9885,0.0115,0.6437,0.977,0.5632,3.1839,0.8391,8.5172,0.6897,0.0,0.0,0.0,0.0,0.0,0.0,0.0,0.0,1.0,1.0,1.0,0.0,1.0,1.0,0.0,0.0,1.0,0.0,2.0,4.0,86051.0,2612.0,10.8,0.3,960071.0,"(-84.54277995533144, 39.195538644857066)",0.11142309136104088,1.743744680672124
0500000US39073,39,OHIO,OH,Hocking,39073,"Hocking County, Ohio",421.3255955,29111.0,0.0,13367.0,81.0,11426.0,287.0,4773.0,668.0,1320.0,194.0,21253.0,926.0,2620.0,280.0,4730.0,49.0,6887.0,95.0,4647.0,375.0,930.0,192.6,925.0,15.0,76.0,85.9,265.0,93.4,2548.0,261.0,217.0,90.1,631.0,142.0,703.0,175.0,16.8,2.4,9.7,1.5,21253.0,926.0,13.1,1.4,16.2,0.2,23.7,0.3,16.3,1.3,8.1,1.7,3.2,0.1,0.3,0.3,2.0,0.7,19.1,2.0,1.9,0.8,5.5,1.2,2.4,0.6,0.5977,0.6322,0.7816,0.6437,2.6552,0.7241,0.6092,0.5517,0.7471,0.2989,2.2069,0.6437,0.092,0.2989,0.3908,0.1264,0.2299,0.9195,0.8621,0.2989,0.6207,2.931,0.7011,8.1839,0.5862,0.0,0.0,0.0,0.0,0.0,0.0,0.0,0.0,0.0,0.0,0.0,0.0,0.0,0.0,1.0,0.0,0.0,0.0,1.0,1.0,3700.0,463.0,13.0,1.6,23512.0,"(-82.4792587251364, 39.49706417989027)",0.11489658734210063,1.7524526141869692
0500000US39117,39,OHIO,OH,Morrow,39117,"Morrow County, Ohio",406.13337331,34991.0,0.0,14117.0,64.0,12640.0,338.0,4608.0,863.0,1430.0,258.0,22825.0,888.0,2967.0,363.0,5081.0,34.0,8878.0,123.0,4810.0,488.0,1116.0,243.6,1233.0,24.0,167.0,136.3,191.0,86.3,2145.0,362.0,204.0,108.4,689.0,193.0,392.0,122.0,13.4,2.5,8.3,1.5,22825.0,888.0,12.6,1.5,14.5,0.1,25.4,0.4,13.9,1.4,8.8,1.9,3.5,0.1,0.5,0.4,1.4,0.6,15.2,2.6,1.6,0.9,5.5,1.5,1.1,0.3,0.2759,0.3678,0.5632,0.5517,1.7586,0.4713,0.2644,0.908,0.4483,0.4828,2.1034,0.5287,0.1379,0.6092,0.7471,0.3103,0.069,0.8161,0.7356,0.2989,0.1839,2.1034,0.2874,6.7126,0.3448,0.0,0.0,0.0,0.0,0.0,0.0,1.0,0.0,0.0,1.0,0.0,0.0,0.0,0.0,0.0,0.0,0.0,0.0,0.0,1.0,3838.0,742.0,11.1,2.1,23847.0,"(-82.79407722153792, 40.524079365975595)",0.11206711011160449,1.5465772485756994
0500000US39167,39,OHIO,OH,Washington,39167,"Washington County, Ohio",631.97145128,61473.0,0.0,28197.0,178.0,24923.0,424.0,9859.0,881.0,2430.0,343.0,23933.0,914.0,4746.0,441.0,11316.0,118.0,12465.0,89.0,11367.0,622.0,1538.0,232.7,2737.0,51.0,122.0,138.9,1327.0,212.2,3367.0,290.0,264.0,108.8,1561.0,238.0,1684.0,409.0,16.6,1.5,8.6,1.2,23933.0,914.0,10.9,1.0,18.4,0.2,20.3,0.1,18.7,1.0,6.2,0.9,4.5,0.1,0.2,0.2,4.7,0.8,11.9,1.0,1.1,0.4,6.3,0.9,2.7,0.7,0.5862,0.4138,0.3793,0.3678,1.7471,0.4598,0.908,0.069,0.908,0.046,1.931,0.4023,0.2759,0.2069,0.4828,0.1724,0.6552,0.7356,0.3333,0.4138,0.6782,2.8161,0.6437,6.977,0.4023,0.0,0.0,0.0,0.0,0.0,1.0,0.0,1.0,0.0,2.0,0.0,0.0,0.0,0.0,0.0,0.0,0.0,0.0,0.0,2.0,6552.0,647.0,10.8,1.1,59744.0,"(-81.49528558030394, 39.45531544880074)",0.17344014031073585,2.4824388390113072
0500000US39171,39,OHIO,OH,Williams,39171,"Williams County, Ohio",420.96527739,37493.0,0.0,16593.0,116.0,15001.0,269.0,5257.0,724.0,1799.0,300.0,21413.0,544.0,2845.0,297.0,6281.0,57.0,8666.0,81.0,5025.0,350.0,1363.0,212.8,2469.0,21.0,248.0,115.5,300.0,124.8,1173.0,162.0,170.0,79.1,758.0,188.0,1236.0,269.0,14.5,2.0,9.8,1.6,21413.0,544.0,11.0,1.1,16.8,0.2,23.1,0.2,13.8,1.0,9.1,1.4,6.6,0.1,0.7,0.3,1.8,0.8,7.1,1.0,1.1,0.5,5.1,1.2,3.3,0.7,0.4023,0.6897,0.7701,0.4253,2.2874,0.6092,0.7126,0.3908,0.4023,0.5517,2.0575,0.4713,0.4713,0.7356,1.2069,0.6437,0.1609,0.5517,0.4138,0.1839,0.7471,2.0575,0.2759,7.6092,0.4943,0.0,0.0,0.0,0.0,0.0,0.0,0.0,0.0,0.0,0.0,0.0,0.0,0.0,0.0,0.0,0.0,0.0,0.0,0.0,0.0,3745.0,453.0,10.3,1.2,36474.0,"(-84.58815806350506, 41.56031516680307)",0.1183062254812889,1.472911667924567
0500000US39035,39,OHIO,OH,Cuyahoga,39035,"Cuyahoga County, Ohio",457.14494947,1267513.0,0.0,619863.0,713.0,534721.0,2402.0,230111.0,4175.0,74098.0,1814.0,27892.0,221.0,106332.0,2055.0,201715.0,37.0,279120.0,18.0,178835.0,2755.0,58454.0,1447.8,497913.0,279.0,21840.0,1121.0,109576.0,1574.1,3501.0,369.0,5186.0,468.3,73370.0,1500.0,28270.0,1301.0,18.5,0.3,11.4,0.3,27892.0,221.0,12.2,0.2,15.9,0.1,22.0,0.0,14.3,0.2,10.9,0.3,39.3,0.0,1.8,0.1,17.7,0.3,0.6,0.1,1.0,0.1,13.7,0.3,2.2,0.1,0.7586,0.8851,0.1494,0.5287,2.3218,0.6207,0.4943,0.2184,0.5287,0.8966,2.1379,0.5862,1.0,0.977,1.977,0.9885,1.0,0.0,0.2529,0.9885,0.5517,2.7931,0.6207,9.2299,0.8161,0.0,0.0,0.0,0.0,0.0,0.0,0.0,0.0,0.0,0.0,1.0,1.0,2.0,1.0,0.0,0.0,1.0,0.0,2.0,4.0,135469.0,3269.0,10.8,0.3,1484440.0,"(-81.6586481917561, 41.4244412232045)",0.1281748394364855,1.9245309234748391
0500000US39047,39,OHIO,OH,Fayette,39047,"Fayette County, Ohio",406.35637076,28875.0,0.0,12671.0,55.0,11532.0,233.0,5142.0,588.0,1369.0,212.0,21033.0,845.0,3140.0,332.0,4541.0,51.0,7003.0,21.0,4646.0,416.0,1342.0,222.9,1907.0,51.0,213.0,131.4,231.0,77.0,571.0,138.0,153.0,89.0,752.0,147.0,524.0,117.0,18.2,2.1,10.0,1.5,21033.0,845.0,16.0,1.7,15.7,0.2,24.3,0.1,16.4,1.5,11.6,1.9,6.6,0.2,0.8,0.5,1.8,0.6,4.5,1.1,1.3,0.8,6.5,1.3,1.8,0.4,0.7241,0.7241,0.8046,0.8621,3.1149,0.8506,0.4713,0.7011,0.7586,0.954,2.8851,0.9655,0.4828,0.7701,1.2529,0.6782,0.1839,0.2874,0.5402,0.4483,0.4368,1.8966,0.2299,9.1494,0.7931,0.0,0.0,0.0,0.0,0.0,0.0,0.0,0.0,1.0,1.0,0.0,0.0,0.0,0.0,0.0,0.0,0.0,0.0,0.0,1.0,4081.0,436.0,14.4,1.5,25859.0,"(-83.4560872226053, 39.55987567171533)",0.11045480423596486,1.4022241944425178
0500000US39159,39,OHIO,OH,Union,39159,"Union County, Ohio",431.74216375,53090.0,0.0,19650.0,144.0,18291.0,295.0,3923.0,600.0,1479.0,281.0,28648.0,1072.0,2948.0,365.0,5499.0,111.0,13953.0,36.0,5602.0,497.0,1547.0,270.5,4460.0,60.0,113.0,107.2,871.0,196.6,762.0,165.0,204.0,96.0,943.0,210.0,3229.0,397.0,7.9,1.2,5.6,1.1,28648.0,1072.0,8.4,1.0,10.4,0.2,26.3,0.1,11.2,1.0,8.5,1.5,8.4,0.1,0.2,0.2,4.4,1.0,3.9,0.8,1.1,0.5,5.2,1.1,6.1,0.7,0.046,0.046,0.1149,0.1034,0.3103,0.0575,0.0,0.954,0.092,0.3793,1.4253,0.1264,0.5862,0.2184,0.8046,0.3678,0.6092,0.2184,0.3793,0.2184,0.9195,2.3448,0.3908,4.8851,0.0805,0.0,0.0,0.0,0.0,0.0,0.0,1.0,0.0,0.0,1.0,0.0,0.0,0.0,0.0,0.0,0.0,0.0,1.0,1.0,2.0,3999.0,493.0,8.0,1.0,54778.0,"(-83.37156686371412, 40.29941070121338)",0.1198478084798079,1.5293800111495393
0500000US39069,39,OHIO,OH,Henry,39069,"Henry County, Ohio",416.01001112,28074.0,0.0,11946.0,75.0,11075.0,176.0,3492.0,540.0,1110.0,188.0,24604.0,847.0,1846.0,233.0,4646.0,20.0,6884.0,44.0,3626.0,293.0,968.0,188.8,2508.0,13.0,65.0,80.7,204.0,91.6,756.0,136.0,116.0,47.7,511.0,114.0,484.0,157.0,12.7,2.0,7.7,1.3,24604.0,847.0,9.7,1.2,16.5,0.1,24.5,0.2,13.1,1.0,8.7,1.7,8.9,0.0,0.2,0.3,1.7,0.8,6.3,1.1,1.0,0.4,4.6,1.0,1.7,0.6,0.2069,0.2184,0.3333,0.1954,0.954,0.1724,0.6667,0.7471,0.2759,0.4598,2.1494,0.6092,0.6092,0.2759,0.8851,0.4253,0.1264,0.4943,0.3218,0.092,0.4253,1.4598,0.092,5.4483,0.1494,0.0,0.0,0.0,0.0,0.0,0.0,0.0,0.0,0.0,0.0,0.0,0.0,0.0,0.0,0.0,0.0,0.0,0.0,0.0,0.0,2296.0,366.0,8.3,1.3,26734.0,"(-84.06822715172017, 41.33387935639078)",0.1169267694717373,1.5595605394882248
0500000US39123,39,OHIO,OH,Ottawa,39123,"Ottawa County, Ohio",254.93371929,41304.0,0.0,27950.0,100.0,17366.0,354.0,4204.0,503.0,1344.0,229.0,28703.0,834.0,2347.0,288.0,8400.0,43.0,8275.0,54.0,6391.0,447.0,1245.0,204.2,2957.0,64.0,134.0,113.2,1148.0,224.8,3470.0,336.0,107.0,51.2,888.0,169.0,760.0,206.0,10.3,1.2,6.5,1.1,28703.0,834.0,7.7,0.9,20.3,0.1,20.0,0.1,15.7,1.1,7.2,1.2,7.2,0.2,0.3,0.3,4.1,0.8,12.4,1.2,0.6,0.3,5.1,1.0,1.8,0.5,0.1034,0.092,0.1034,0.069,0.3678,0.069,0.977,0.0575,0.6667,0.1609,1.8621,0.3563,0.5402,0.3908,0.931,0.4598,0.5977,0.7471,0.023,0.1839,0.4713,2.023,0.2644,5.1839,0.1264,0.0,0.0,0.0,0.0,0.0,1.0,0.0,0.0,0.0,1.0,0.0,0.0,0.0,0.0,0.0,0.0,0.0,0.0,0.0,1.0,3870.0,508.0,9.5,1.2,38728.0,"(-83.14003974922129, 41.53771379592032)",0.07500353088476189,2.276746257796576
0500000US39017,39,OHIO,OH,Butler,39017,"Butler County, Ohio",466.97910563,371154.0,0.0,148786.0,460.0,134934.0,922.0,49512.0,2055.0,15587.0,959.0,27394.0,341.0,24421.0,1034.0,45773.0,46.0,91496.0,0.0,41717.0,990.0,13171.0,725.3,61836.0,375.0,4429.0,640.1,13372.0,736.5,4238.0,480.0,2056.0,321.6,7531.0,535.0,11453.0,1116.0,13.8,0.6,8.2,0.5,27394.0,341.0,10.4,0.4,12.3,0.1,24.7,0.0,11.3,0.3,9.8,0.5,16.7,0.1,1.3,0.2,9.0,0.5,2.8,0.3,1.5,0.2,5.6,0.4,3.1,0.3,0.3218,0.3563,0.1609,0.2529,1.092,0.2069,0.069,0.8046,0.1034,0.6897,1.6667,0.2414,0.8966,0.931,1.8276,0.9425,0.8736,0.1724,0.6782,0.3333,0.7011,2.7586,0.5977,7.3448,0.4598,0.0,0.0,0.0,0.0,0.0,0.0,0.0,0.0,0.0,0.0,0.0,1.0,1.0,0.0,0.0,0.0,0.0,0.0,0.0,1.0,35979.0,1642.0,9.8,0.4,360351.0,"(-84.57557167666569, 39.43862674851723)",0.12733389201421644,1.5471598554585995
0500000US39019,39,OHIO,OH,Carroll,39019,"Carroll County, Ohio",394.60827571,28539.0,0.0,13636.0,69.0,10922.0,283.0,4494.0,735.0,1043.0,185.0,22359.0,923.0,2713.0,294.0,5153.0,83.0,6276.0,85.0,3895.0,350.0,690.0,156.7,893.0,21.0,135.0,107.8,114.0,56.6,1809.0,256.0,315.0,136.0,647.0,155.0,433.0,143.0,15.9,2.6,7.8,1.4,22359.0,923.0,13.4,1.5,18.1,0.3,22.0,0.3,13.8,1.2,6.3,1.4,3.1,0.1,0.5,0.4,0.8,0.4,13.3,1.9,2.9,1.2,5.9,1.4,1.5,0.5,0.5287,0.2644,0.6667,0.6782,2.1379,0.5402,0.8621,0.2069,0.4023,0.0575,1.5287,0.1494,0.069,0.5747,0.6437,0.2184,0.0,0.7586,0.977,0.3793,0.3563,2.4713,0.4713,6.7816,0.3563,0.0,0.0,0.0,0.0,0.0,0.0,0.0,0.0,0.0,0.0,0.0,0.0,0.0,0.0,0.0,1.0,0.0,0.0,1.0,1.0,4016.0,712.0,14.2,2.5,22007.0,"(-81.08971693204914, 40.57957772648056)",0.1099042497865236,1.514529396751963
0500000US39025,39,OHIO,OH,Clermont,39025,"Clermont County, Ohio",452.10943035,199450.0,0.0,81342.0,171.0,74187.0,690.0,20766.0,1529.0,6729.0,599.0,28708.0,510.0,15057.0,811.0,25642.0,113.0,49657.0,15.0,24720.0,938.0,6256.0,608.1,11238.0,325.0,579.0,187.8,8472.0,622.5,4803.0,418.0,801.0,199.2,3444.0,382.0,1697.0,388.0,10.5,0.8,6.5,0.6,28708.0,510.0,11.3,0.6,12.9,0.1,24.9,0.0,12.5,0.5,8.4,0.8,5.6,0.2,0.3,0.1,10.4,0.8,5.9,0.5,1.1,0.3,4.6,0.5,0.9,0.2,0.1149,0.092,0.092,0.4368,0.7356,0.1264,0.0805,0.8506,0.2299,0.3678,1.5287,0.1494,0.3793,0.3333,0.7126,0.2644,0.9425,0.4483,0.3448,0.092,0.0345,1.8621,0.2184,4.8391,0.069,0.0,0.0,0.0,0.0,0.0,0.0,0.0,0.0,0.0,0.0,0.0,0.0,0.0,1.0,0.0,0.0,0.0,0.0,1.0,1.0,19611.0,1181.0,9.9,0.6,159010.0,"(-84.15185072568997, 39.04746417933463)",0.12383143132611817,1.5117075512382774
0500000US39029,39,OHIO,OH,Columbiana,39029,"Columbiana County, Ohio",531.93108176,106622.0,0.0,46860.0,195.0,42184.0,600.0,16627.0,1207.0,5056.0,489.0,22573.0,678.0,9685.0,707.0,18507.0,89.0,22687.0,0.0,16966.0,931.0,3572.0,390.9,5836.0,91.0,425.0,180.5,1801.0,259.5,4516.0,404.0,536.0,153.8,3164.0,332.0,3868.0,446.0,16.2,1.2,9.8,0.9,22573.0,678.0,12.8,0.9,17.4,0.1,21.3,0.0,16.5,0.9,8.5,0.9,5.5,0.1,0.4,0.2,3.8,0.6,9.6,0.9,1.3,0.4,7.5,0.8,3.6,0.4,0.5517,0.6897,0.6322,0.6092,2.4828,0.6667,0.8276,0.1264,0.7701,0.3908,2.1149,0.5402,0.3448,0.5172,0.8621,0.4023,0.5402,0.7011,0.4943,0.6667,0.7931,3.1954,0.8506,8.6552,0.7356,0.0,0.0,0.0,0.0,0.0,0.0,0.0,0.0,0.0,0.0,0.0,0.0,0.0,0.0,0.0,0.0,0.0,0.0,0.0,0.0,12712.0,996.0,12.3,1.0,95848.0,"(-80.77719635762129, 40.768425136696116)",0.14770124604145318,1.7977487756108648
0500000US39045,39,OHIO,OH,Fairfield,39045,"Fairfield County, Ohio",504.41018565,148067.0,0.0,59107.0,148.0,54581.0,510.0,15791.0,1200.0,5451.0,497.0,28099.0,626.0,8294.0,590.0,19707.0,166.0,37409.0,0.0,18840.0,804.0,5228.0,466.7,17150.0,81.0,721.0,239.7,3072.0,385.7,1834.0,276.0,870.0,208.6,2780.0,349.0,2708.0,354.0,10.9,0.8,7.3,0.7,28099.0,626.0,8.4,0.6,13.3,0.1,25.3,0.0,13.0,0.6,9.6,0.9,11.6,0.1,0.5,0.2,5.2,0.7,3.1,0.5,1.6,0.4,5.1,0.6,1.8,0.2,0.1264,0.1724,0.1379,0.1034,0.5402,0.092,0.1149,0.8966,0.2644,0.6207,1.8966,0.3793,0.7701,0.6207,1.3908,0.7816,0.7126,0.1839,0.7241,0.1839,0.4483,2.2529,0.3563,6.0805,0.2414,0.0,0.0,0.0,0.0,0.0,0.0,0.0,0.0,0.0,0.0,0.0,0.0,0.0,0.0,0.0,0.0,0.0,0.0,0.0,0.0,11882.0,1019.0,8.2,0.7,119507.0,"(-82.63058115057008, 39.75162985341662)",0.13841271785131154,1.7351739059646412
0500000US39055,39,OHIO,OH,Geauga,39055,"Geauga County, Ohio",400.16744567,93819.0,0.0,36656.0,139.0,34753.0,314.0,7367.0,854.0,2418.0,257.0,35407.0,1019.0,5679.0,451.0,15756.0,123.0,23427.0,0.0,9016.0,553.0,1977.0,312.2,3835.0,62.0,711.0,171.6,1169.0,244.2,1288.0,157.0,589.0,115.4,2601.0,226.0,887.0,245.0,7.9,0.9,5.0,0.5,35407.0,1019.0,9.0,0.7,16.8,0.1,25.0,0.0,9.7,0.6,5.7,0.9,4.1,0.1,0.8,0.2,3.2,0.7,3.5,0.4,1.7,0.3,7.5,0.6,0.9,0.3,0.046,0.023,0.0115,0.1494,0.2299,0.0345,0.7126,0.8736,0.046,0.0345,1.6667,0.2414,0.2069,0.7931,1.0,0.5057,0.4368,0.1954,0.7471,0.6667,0.069,2.1149,0.2989,5.0115,0.092,0.0,0.0,0.0,0.0,0.0,0.0,0.0,0.0,0.0,0.0,0.0,0.0,0.0,0.0,0.0,0.0,0.0,0.0,0.0,0.0,10621.0,907.0,11.4,1.0,79561.0,"(-81.17863661994741, 41.49955301357461)",0.11405612391467779,1.5414856225239455
0500000US39065,39,OHIO,OH,Hardin,39065,"Hardin County, Ohio",470.404552,31826.0,0.0,13111.0,106.0,11438.0,290.0,5588.0,833.0,1576.0,245.0,20011.0,996.0,2517.0,304.0,4497.0,41.0,7454.0,52.0,4622.0,421.0,1090.0,210.2,1406.0,5.0,118.0,129.0,665.0,209.5,848.0,145.0,234.0,85.9,751.0,169.0,2293.0,267.0,18.9,2.8,10.5,1.6,20011.0,996.0,13.0,1.6,14.1,0.1,23.4,0.2,14.6,1.3,9.5,1.8,4.4,0.0,0.4,0.4,5.1,1.6,6.5,1.1,2.0,0.7,6.6,1.5,7.2,0.8,0.8161,0.7586,0.9195,0.6322,3.1264,0.8621,0.1954,0.4713,0.5632,0.6092,1.8391,0.3448,0.2644,0.4713,0.7356,0.2874,0.7011,0.5287,0.9195,0.4713,0.931,3.5517,0.954,9.2529,0.8276,0.0,0.0,1.0,0.0,1.0,0.0,0.0,0.0,0.0,0.0,0.0,0.0,0.0,0.0,0.0,1.0,0.0,1.0,2.0,3.0,3768.0,641.0,11.9,2.0,29905.0,"(-83.65942528306763, 40.661517140529)",0.12978898791506338,1.5301401406942516
0500000US39079,39,OHIO,OH,Jackson,39079,"Jackson County, Ohio",420.30368659,32952.0,0.0,14574.0,40.0,13204.0,335.0,7689.0,834.0,1756.0,305.0,20250.0,1072.0,3865.0,442.0,4952.0,78.0,7934.0,83.0,6660.0,566.0,1431.0,246.3,1233.0,42.0,263.0,168.4,349.0,133.7,2595.0,358.0,242.0,115.5,1224.0,242.0,341.0,78.0,23.6,2.6,11.8,1.9,20250.0,1072.0,17.3,2.0,15.0,0.2,24.1,0.3,20.4,1.7,10.8,1.8,3.7,0.1,0.9,0.5,2.4,0.9,17.8,2.5,1.8,0.9,9.3,1.8,1.0,0.2,0.954,0.9195,0.8966,0.8851,3.6552,0.931,0.3103,0.6667,0.954,0.8851,2.8161,0.9425,0.1839,0.8276,1.0115,0.5517,0.3103,0.8966,0.8391,0.9425,0.1264,3.1149,0.7701,10.5977,0.9885,1.0,1.0,0.0,0.0,2.0,0.0,0.0,1.0,0.0,1.0,0.0,0.0,0.0,0.0,0.0,0.0,1.0,0.0,1.0,4.0,4044.0,760.0,12.4,2.3,30468.0,"(-82.61841764281786, 39.019657139784535)",0.11353162516891468,1.4306460257176283
0500000US39099,39,OHIO,OH,Mahoning,39099,"Mahoning County, Ohio",411.50530619,235809.0,0.0,111564.0,332.0,97624.0,850.0,40784.0,1504.0,12400.0,736.0,23628.0,421.0,17991.0,789.0,43363.0,95.0,49371.0,23.0,36321.0,1040.0,9829.0,633.6,53940.0,99.0,2422.0,345.9,8573.0,592.6,1750.0,212.0,684.0,155.9,8941.0,516.0,7643.0,761.0,17.9,0.6,10.9,0.6,23628.0,421.0,10.8,0.5,18.4,0.1,20.9,0.0,15.8,0.4,10.1,0.6,22.9,0.0,1.1,0.2,7.7,0.5,1.6,0.2,0.7,0.2,9.2,0.5,3.2,0.3,0.6782,0.8276,0.4253,0.3448,2.2759,0.5977,0.908,0.0805,0.6897,0.7701,2.4483,0.8391,0.9425,0.8851,1.8276,0.9425,0.8391,0.092,0.069,0.9195,0.7241,2.6437,0.5287,9.1954,0.8046,0.0,0.0,0.0,0.0,0.0,1.0,0.0,0.0,0.0,1.0,1.0,0.0,1.0,0.0,0.0,0.0,1.0,0.0,1.0,3.0,23585.0,1208.0,10.3,0.5,244186.0,"(-80.77630986009972, 41.0146453587706)",0.11787722591608653,1.6587992012645028
0500000US39109,39,OHIO,OH,Miami,39109,"Miami County, Ohio",406.57638404,103145.0,0.0,44274.0,126.0,41169.0,506.0,13076.0,1364.0,4508.0,493.0,25654.0,533.0,8024.0,604.0,16858.0,130.0,24267.0,56.0,13089.0,790.0,3994.0,424.0,6931.0,39.0,371.0,153.5,1716.0,264.0,882.0,213.0,380.0,134.0,1998.0,297.0,1052.0,263.0,12.8,1.3,8.5,0.9,25654.0,533.0,11.3,0.9,16.3,0.1,23.5,0.1,12.8,0.8,9.7,1.0,6.7,0.0,0.4,0.2,3.9,0.6,2.0,0.5,0.9,0.3,4.9,0.7,1.0,0.3,0.2299,0.3908,0.2644,0.4368,1.3218,0.2644,0.6322,0.4943,0.2529,0.6782,2.0575,0.4713,0.5057,0.4253,0.931,0.4713,0.5517,0.1149,0.2299,0.1609,0.1149,1.1724,0.023,5.4828,0.1839,0.0,0.0,0.0,0.0,0.0,0.0,0.0,0.0,0.0,0.0,0.0,0.0,0.0,0.0,0.0,0.0,0.0,0.0,0.0,0.0,10135.0,1064.0,9.9,1.0,95442.0,"(-84.22884700486792, 40.05346404432898)",0.11200159489704127,1.42209185208167
0500000US39125,39,OHIO,OH,Paulding,39125,"Paulding County, Ohio",416.43465845,19293.0,0.0,8718.0,38.0,7798.0,196.0,2666.0,456.0,705.0,157.0,23565.0,1342.0,1330.0,159.0,3075.0,37.0,4750.0,10.0,3071.0,268.0,550.0,133.3,1373.0,85.0,77.0,79.0,247.0,68.2,914.0,134.0,117.0,45.4,465.0,102.0,99.0,67.0,14.0,2.4,7.7,1.7,23565.0,1342.0,10.1,1.2,15.9,0.2,24.6,0.1,16.0,1.4,7.1,1.7,7.1,0.4,0.4,0.4,2.8,0.8,10.5,1.5,1.5,0.6,6.0,1.3,0.5,0.3,0.3563,0.2184,0.4598,0.2069,1.2414,0.2529,0.4943,0.7816,0.7126,0.1379,2.1264,0.5747,0.5287,0.5287,1.0575,0.5747,0.3908,0.7126,0.6552,0.3908,0.0,2.1494,0.3218,6.5747,0.3218,0.0,0.0,0.0,0.0,0.0,0.0,0.0,0.0,0.0,0.0,0.0,0.0,0.0,0.0,0.0,0.0,0.0,0.0,0.0,0.0,1548.0,244.0,8.1,1.3,15303.0,"(-84.58020989591141, 41.116624374391506)",0.11630394964924415,1.4487606802714355
0500000US39139,39,OHIO,OH,Richland,39139,"Richland County, Ohio",495.26108833,122813.0,0.0,54421.0,227.0,48211.0,540.0,18834.0,1354.0,5452.0,588.0,21959.0,547.0,11351.0,653.0,21157.0,102.0,27096.0,0.0,16302.0,828.0,4621.0,470.4,16716.0,97.0,188.0,114.0,3303.0,378.6,2107.0,313.0,366.0,101.8,4095.0,408.0,7091.0,518.0,16.3,1.2,9.8,1.0,21959.0,547.0,13.3,0.8,17.2,0.1,22.1,0.0,14.0,0.7,9.6,1.0,13.6,0.1,0.2,0.1,6.1,0.7,3.9,0.6,0.8,0.2,8.5,0.8,5.8,0.4,0.5632,0.6897,0.7126,0.6667,2.6322,0.7126,0.8161,0.2299,0.4598,0.6322,2.1379,0.5862,0.8391,0.1724,1.0115,0.5517,0.7816,0.2184,0.1034,0.8391,0.908,2.8506,0.6552,8.6322,0.7126,0.0,0.0,0.0,0.0,0.0,0.0,0.0,0.0,0.0,0.0,0.0,0.0,0.0,0.0,0.0,0.0,0.0,1.0,1.0,1.0,13833.0,1031.0,11.9,0.9,124724.0,"(-82.53649614128024, 40.774655044607464)",0.13817100318689482,1.7025442793167191
0500000US39149,39,OHIO,OH,Shelby,39149,"Shelby County, Ohio",407.67552647,49165.0,0.0,20210.0,92.0,18616.0,326.0,5553.0,745.0,1721.0,275.0,25603.0,1530.0,3498.0,398.0,6725.0,65.0,13071.0,20.0,5648.0,441.0,1741.0,269.9,3122.0,4.0,217.0,124.2,749.0,157.7,1076.0,197.0,256.0,83.8,869.0,189.0,534.0,181.0,11.4,1.5,6.9,1.1,25603.0,1530.0,10.9,1.2,13.7,0.1,26.6,0.0,11.6,0.9,9.4,1.4,6.4,0.0,0.5,0.3,3.7,0.8,5.3,1.0,1.4,0.4,4.7,1.0,1.1,0.4,0.1494,0.1379,0.2759,0.3678,0.931,0.1609,0.1264,0.9655,0.1379,0.5977,1.8276,0.3218,0.4368,0.5517,0.9885,0.4828,0.5057,0.3793,0.5747,0.1149,0.1494,1.7241,0.1724,5.4713,0.1609,0.0,0.0,0.0,0.0,0.0,0.0,1.0,0.0,0.0,1.0,0.0,0.0,0.0,0.0,0.0,0.0,0.0,0.0,0.0,1.0,4188.0,650.0,8.6,1.3,53097.0,"(-84.20474788708208, 40.331553958054094)",0.11270938036065031,1.4517359470023907
0500000US39155,39,OHIO,OH,Trumbull,39155,"Trumbull County, Ohio",618.29574006,207596.0,0.0,95799.0,205.0,86565.0,801.0,35147.0,1865.0,8245.0,668.0,23139.0,365.0,17161.0,753.0,37924.0,76.0,44676.0,0.0,29984.0,1068.0,8568.0,676.3,25259.0,75.0,659.0,190.6,4734.0,462.1,4418.0,341.0,969.0,184.0,6542.0,496.0,4067.0,456.0,17.3,0.9,8.6,0.7,23139.0,365.0,11.7,0.5,18.3,0.1,21.5,0.0,14.7,0.5,9.9,0.8,12.2,0.0,0.3,0.1,4.9,0.5,4.6,0.4,1.1,0.2,7.6,0.6,2.0,0.2,0.6437,0.4138,0.5287,0.4828,2.069,0.5172,0.8966,0.1609,0.5747,0.7241,2.3563,0.7931,0.7931,0.3678,1.1609,0.6207,0.6782,0.3103,0.3908,0.7126,0.4943,2.5862,0.5057,8.1724,0.5747,0.0,0.0,0.0,0.0,0.0,0.0,0.0,0.0,0.0,0.0,0.0,0.0,0.0,0.0,0.0,0.0,0.0,0.0,0.0,0.0,25234.0,1266.0,12.4,0.6,192966.0,"(-80.76113456366735, 41.31718234210243)",0.17732442572903806,1.701422101932953
0500000US39165,39,OHIO,OH,Warren,39165,"Warren County, Ohio",401.3289038,217623.0,0.0,82152.0,279.0,77328.0,735.0,12162.0,1680.0,7831.0,652.0,33421.0,655.0,10986.0,722.0,25971.0,100.0,57865.0,0.0,19528.0,1069.0,5550.0,504.7,25665.0,364.0,1699.0,473.4,4854.0,440.5,853.0,235.0,530.0,150.5,1915.0,244.0,5876.0,726.0,5.8,0.8,7.0,0.6,33421.0,655.0,7.6,0.5,11.9,0.1,26.6,0.0,9.2,0.5,7.2,0.6,11.8,0.2,0.8,0.2,5.9,0.5,1.0,0.3,0.7,0.2,2.5,0.3,2.7,0.3,0.0115,0.1494,0.023,0.046,0.2299,0.023,0.046,0.977,0.023,0.1724,1.2184,0.092,0.7816,0.8046,1.5862,0.8506,0.7701,0.0115,0.0575,0.0,0.6552,1.4943,0.1149,4.5287,0.0575,0.0,0.0,0.0,0.0,0.0,0.0,1.0,0.0,0.0,1.0,0.0,0.0,0.0,0.0,0.0,0.0,0.0,0.0,0.0,1.0,13800.0,1070.0,6.5,0.5,196430.0,"(-84.16676682974949, 39.42756116983502)",0.11034467968725199,1.416240580287723
0500000US39169,39,OHIO,OH,Wayne,39169,"Wayne County, Ohio",554.92788523,114978.0,0.0,45861.0,174.0,42593.0,461.0,14888.0,1382.0,3415.0,444.0,23151.0,403.0,11061.0,629.0,17664.0,104.0,28693.0,42.0,13190.0,610.0,2951.0,317.1,6459.0,89.0,1379.0,310.7,1618.0,229.9,3193.0,279.0,1034.0,194.3,3815.0,331.0,3784.0,334.0,13.4,1.2,6.0,0.8,23151.0,403.0,14.8,0.8,15.4,0.1,25.0,0.0,11.6,0.5,6.9,0.7,5.6,0.1,1.3,0.3,3.5,0.5,7.0,0.6,2.4,0.5,9.0,0.8,3.3,0.3,0.2759,0.069,0.5172,0.8046,1.6667,0.3908,0.4138,0.8621,0.1379,0.1264,1.5402,0.1724,0.3678,0.9425,1.3103,0.7241,0.4828,0.5402,0.9655,0.8966,0.7356,3.6207,0.9655,8.1379,0.5632,0.0,0.0,0.0,0.0,0.0,0.0,0.0,0.0,0.0,0.0,0.0,1.0,1.0,0.0,0.0,1.0,0.0,0.0,1.0,2.0,16876.0,1133.0,14.8,1.0,108933.0,"(-81.8880347866009, 40.828878575719386)",0.15394206345261333,1.6031726413112612
0500000US39001,39,OHIO,OH,Adams,39001,"Adams County, Ohio",583.86690194,28342.0,0.0,12883.0,70.0,10734.0,334.0,7051.0,985.0,1818.0,256.0,17695.0,768.0,4379.0,447.0,4435.0,53.0,7052.0,54.0,5685.0,501.0,1140.0,217.5,889.0,21.0,12.0,80.3,199.0,66.6,3661.0,321.0,257.0,94.9,770.0,142.0,365.0,106.0,25.3,3.5,15.3,2.2,17695.0,768.0,23.0,2.3,15.6,0.2,24.9,0.2,20.2,1.8,10.6,2.0,3.1,0.1,0.0,0.3,1.5,0.5,28.4,2.5,2.4,0.9,7.2,1.3,1.3,0.4,0.9885,0.9885,0.9885,0.9885,3.954,1.0,0.4598,0.8391,0.9425,0.8621,3.1034,1.0,0.0805,0.023,0.1034,0.023,0.1149,0.9885,0.954,0.6322,0.2989,2.9885,0.7356,10.1494,0.931,1.0,1.0,1.0,1.0,4.0,0.0,0.0,1.0,0.0,1.0,0.0,0.0,0.0,0.0,1.0,1.0,0.0,0.0,2.0,7.0,4791.0,634.0,17.1,2.3,23391.0,"(-83.47203005379346, 38.845614924615504)",0.1574719125439641,1.7314118130409364
0500000US39003,39,OHIO,OH,Allen,39003,"Allen County, Ohio",402.49978785,105562.0,0.0,44930.0,176.0,40191.0,528.0,18629.0,1383.0,5754.0,616.0,22585.0,556.0,8128.0,552.0,16041.0,59.0,24879.0,0.0,15317.0,760.0,4847.0,445.2,19154.0,203.0,335.0,131.4,2483.0,274.1,2141.0,272.0,729.0,170.0,3257.0,321.0,4113.0,444.0,18.4,1.4,11.1,1.2,22585.0,556.0,11.7,0.8,15.2,0.1,23.6,0.0,14.9,0.7,12.1,1.1,18.1,0.2,0.3,0.1,5.5,0.6,4.8,0.6,1.8,0.4,8.1,0.8,3.9,0.4,0.7356,0.8621,0.6092,0.4828,2.6897,0.7471,0.3333,0.5057,0.5862,0.977,2.4023,0.8161,0.908,0.3793,1.2874,0.7126,0.7471,0.3448,0.8046,0.7586,0.8046,3.4598,0.9425,9.8391,0.908,0.0,0.0,0.0,0.0,0.0,0.0,0.0,0.0,1.0,1.0,1.0,0.0,1.0,0.0,0.0,0.0,0.0,0.0,0.0,2.0,11594.0,844.0,11.3,0.8,120132.0,"(-84.10578661979147, 40.77152737841866)",0.11241628770208113,1.58734431385315
0500000US39007,39,OHIO,OH,Ashtabula,39007,"Ashtabula County, Ohio",701.93444488,100346.0,0.0,45964.0,219.0,38933.0,547.0,18357.0,1329.0,4381.0,423.0,20284.0,389.0,10001.0,640.0,16445.0,56.0,23103.0,27.0,14551.0,754.0,4028.0,351.9,9665.0,46.0,545.0,206.3,2048.0,261.9,3491.0,384.0,496.0,131.7,3071.0,338.0,3430.0,534.0,19.0,1.4,9.6,0.9,20284.0,389.0,14.4,0.9,16.4,0.1,23.0,0.0,15.0,0.8,10.3,0.9,9.6,0.0,0.6,0.2,4.5,0.6,7.6,0.8,1.3,0.3,7.9,0.8,3.4,0.5,0.8276,0.5862,0.8851,0.7816,3.0805,0.8391,0.6437,0.3793,0.6092,0.8161,2.4483,0.8506,0.6782,0.6667,1.3448,0.7356,0.6322,0.6092,0.5057,0.7356,0.7701,3.2529,0.8736,10.1264,0.9195,0.0,0.0,0.0,0.0,0.0,0.0,0.0,0.0,0.0,0.0,0.0,0.0,0.0,0.0,0.0,0.0,0.0,0.0,0.0,0.0,12511.0,1032.0,12.9,1.1,90474.0,"(-80.74828346675893, 41.70754958343708)",0.19879311637914507,1.8277226016726855
0500000US39023,39,OHIO,OH,Clark,39023,"Clark County, Ohio",397.48022903,137303.0,0.0,61246.0,266.0,54969.0,667.0,25498.0,1456.0,7109.0,477.0,22941.0,481.0,12643.0,702.0,23227.0,83.0,31799.0,0.0,21976.0,740.0,6318.0,410.0,20711.0,100.0,983.0,281.5,3918.0,402.4,2804.0,286.0,871.0,208.1,4866.0,432.0,3164.0,474.0,19.0,1.1,10.8,0.7,22941.0,481.0,13.6,0.8,16.9,0.1,23.2,0.0,16.2,0.5,11.5,0.7,15.1,0.1,0.8,0.2,6.4,0.7,4.6,0.5,1.6,0.4,8.9,0.7,2.3,0.3,0.8276,0.8046,0.5402,0.7356,2.908,0.7701,0.7471,0.4138,0.7356,0.9425,2.8391,0.954,0.8621,0.7586,1.6207,0.8851,0.7931,0.3103,0.7126,0.8736,0.5862,3.2759,0.8851,10.6437,1.0,0.0,0.0,0.0,0.0,0.0,0.0,0.0,0.0,1.0,1.0,0.0,0.0,0.0,0.0,0.0,0.0,0.0,0.0,0.0,1.0,15040.0,919.0,11.1,0.7,126606.0,"(-83.7839122983904, 39.916777249561775)",0.1098295449122224,1.4915424085025046
0500000US39031,39,OHIO,OH,Coshocton,39031,"Coshocton County, Ohio",563.91320773,36768.0,0.0,16442.0,62.0,14561.0,260.0,6579.0,684.0,1521.0,241.0,20799.0,793.0,4006.0,326.0,6189.0,41.0,8679.0,38.0,5153.0,408.0,1105.0,199.5,1343.0,26.0,180.0,117.0,215.0,72.9,2494.0,241.0,261.0,95.5,1213.0,201.0,457.0,130.0,18.1,1.9,9.0,1.4,20799.0,793.0,15.9,1.3,16.8,0.1,23.6,0.1,14.2,1.1,7.6,1.4,3.7,0.1,0.5,0.3,1.3,0.4,15.2,1.5,1.8,0.7,8.3,1.4,1.2,0.4,0.7126,0.5057,0.8506,0.8506,2.9195,0.7931,0.7126,0.5402,0.4943,0.2184,1.9655,0.4253,0.1494,0.6322,0.7816,0.3448,0.0575,0.8161,0.7931,0.8161,0.2529,2.7356,0.5747,8.4023,0.6437,0.0,0.0,0.0,0.0,0.0,0.0,0.0,0.0,0.0,0.0,0.0,0.0,0.0,0.0,0.0,0.0,0.0,0.0,0.0,0.0,5881.0,762.0,16.2,2.1,33170.0,"(-81.9200182210426, 40.30166497486966)",0.15568073798633653,1.7316063249218165
0500000US39041,39,OHIO,OH,Delaware,39041,"Delaware County, Ohio",443.19366606,181821.0,0.0,67881.0,141.0,65029.0,473.0,8751.0,826.0,3964.0,395.0,41357.0,883.0,4395.0,492.0,19132.0,63.0,51343.0,0.0,13184.0,821.0,4503.0,458.2,22745.0,186.0,832.0,233.5,3302.0,385.0,1363.0,177.0,568.0,168.4,1693.0,271.0,2844.0,317.0,4.9,0.5,4.1,0.4,41357.0,883.0,3.7,0.4,10.5,0.1,28.2,0.0,7.3,0.5,6.9,0.7,12.5,0.1,0.5,0.1,4.9,0.6,2.0,0.3,0.9,0.3,2.6,0.4,1.6,0.2,0.0,0.0115,0.0,0.0,0.0115,0.0,0.023,0.9885,0.0,0.1149,1.1264,0.069,0.8046,0.5632,1.3678,0.7701,0.6667,0.1149,0.1724,0.0115,0.3793,1.3448,0.069,3.8506,0.023,0.0,0.0,0.0,0.0,0.0,0.0,1.0,0.0,0.0,1.0,0.0,0.0,0.0,0.0,0.0,0.0,0.0,0.0,0.0,1.0,8511.0,859.0,4.7,0.5,167189.0,"(-83.00488278152183, 40.27839547819694)",0.12543023800133243,1.5929436740527108
0500000US39051,39,OHIO,OH,Fulton,39051,"Fulton County, Ohio",405.44210439,42541.0,0.0,17395.0,109.0,16333.0,184.0,5036.0,667.0,1914.0,244.0,26070.0,1211.0,3108.0,333.0,6486.0,91.0,10665.0,90.0,5100.0,429.0,1400.0,258.6,4271.0,19.0,53.0,88.0,244.0,92.8,1283.0,166.0,240.0,94.7,494.0,132.0,474.0,176.0,12.0,1.6,8.6,1.1,26070.0,1211.0,10.9,1.2,15.2,0.2,25.1,0.2,12.1,1.0,8.6,1.6,10.0,0.0,0.1,0.2,1.4,0.5,7.4,1.0,1.5,0.6,3.0,0.8,1.1,0.4,0.1724,0.4138,0.2299,0.3678,1.1839,0.2414,0.3333,0.8851,0.2069,0.4138,1.8391,0.3333,0.7126,0.1149,0.8276,0.3793,0.0805,0.5747,0.6092,0.023,0.1724,1.4598,0.1034,5.3103,0.1379,0.0,0.0,0.0,0.0,0.0,0.0,0.0,0.0,0.0,0.0,0.0,0.0,0.0,0.0,0.0,0.0,0.0,0.0,0.0,0.0,2906.0,384.0,6.9,0.9,40519.0,"(-84.13008148463463, 41.60181624432342)",0.11395371744166709,1.4926477391565451
0500000US39053,39,OHIO,OH,Gallia,39053,"Gallia County, Ohio",466.52999063,30763.0,0.0,13849.0,102.0,11502.0,300.0,5962.0,864.0,1142.0,208.0,21049.0,1293.0,4286.0,385.0,5059.0,42.0,7333.0,62.0,5773.0,415.0,1031.0,216.3,1861.0,29.0,26.0,96.9,273.0,104.7,3431.0,337.0,206.0,94.1,928.0,209.0,841.0,258.0,19.9,2.9,9.0,1.6,21049.0,1293.0,20.7,1.9,16.4,0.1,23.8,0.2,19.0,1.3,9.0,1.9,6.0,0.1,0.1,0.3,2.0,0.8,24.8,2.4,1.8,0.8,8.1,1.8,2.7,0.8,0.8966,0.5057,0.7931,0.954,3.1494,0.8736,0.6437,0.6207,0.9195,0.5057,2.6897,0.931,0.4023,0.069,0.4713,0.1494,0.2184,0.9655,0.7816,0.7586,0.6667,3.3908,0.9195,9.7011,0.8851,0.0,0.0,0.0,1.0,1.0,0.0,0.0,1.0,0.0,1.0,0.0,0.0,0.0,0.0,1.0,0.0,0.0,0.0,1.0,3.0,4593.0,606.0,15.1,2.0,31584.0,"(-82.31692487331203, 38.82475395599226)",0.12660498209447474,1.8351177524084419
0500000US39063,39,OHIO,OH,Hancock,39063,"Hancock County, Ohio",531.35753651,75290.0,0.0,33221.0,127.0,30795.0,425.0,10862.0,1039.0,3210.0,399.0,26612.0,730.0,4155.0,494.0,11431.0,95.0,17276.0,39.0,8461.0,591.0,3097.0,385.8,7228.0,22.0,468.0,238.3,2525.0,357.3,1966.0,258.0,182.0,101.9,2033.0,340.0,1849.0,265.0,14.8,1.4,8.0,1.0,26612.0,730.0,8.2,1.0,15.2,0.1,22.9,0.1,11.4,0.8,10.1,1.2,9.6,0.0,0.7,0.3,7.6,1.1,5.9,0.8,0.6,0.3,6.6,1.1,2.5,0.4,0.4713,0.2874,0.2069,0.092,1.0575,0.1954,0.3333,0.3678,0.1264,0.7586,1.5862,0.1839,0.6667,0.6897,1.3563,0.7471,0.8276,0.4483,0.0115,0.4713,0.6437,2.4023,0.4368,6.4023,0.2874,0.0,0.0,0.0,0.0,0.0,0.0,0.0,0.0,0.0,0.0,0.0,0.0,0.0,0.0,0.0,0.0,0.0,0.0,0.0,0.0,7728.0,763.0,10.4,1.0,84272.0,"(-83.66653905554439, 41.00192171934094)",0.14792357192580877,1.6153349825012906
0500000US39071,39,OHIO,OH,Highland,39071,"Highland County, Ohio",553.08339412,43266.0,0.0,19306.0,61.0,16837.0,358.0,8665.0,941.0,2707.0,313.0,19587.0,666.0,5190.0,456.0,6984.0,63.0,10653.0,97.0,7679.0,524.0,1621.0,243.2,1774.0,24.0,212.0,123.7,350.0,94.8,3546.0,327.0,307.0,103.4,1371.0,242.0,513.0,121.0,20.3,2.2,14.2,1.5,19587.0,666.0,17.8,1.6,16.1,0.1,24.6,0.2,17.9,1.2,9.6,1.4,4.1,0.1,0.5,0.3,1.8,0.5,18.4,1.7,1.8,0.6,8.1,1.4,1.2,0.3,0.908,0.9655,0.931,0.931,3.7356,0.954,0.5862,0.7931,0.8621,0.6552,2.8966,0.977,0.2184,0.6437,0.8621,0.4138,0.1724,0.908,0.8161,0.7586,0.2184,2.8736,0.6782,10.3678,0.9425,1.0,1.0,1.0,1.0,4.0,0.0,0.0,0.0,0.0,0.0,0.0,0.0,0.0,0.0,1.0,0.0,0.0,0.0,1.0,5.0,7078.0,798.0,16.5,1.9,39273.0,"(-83.60098303753311, 39.184714497173545)",0.1506651310814775,1.7126406387982958
0500000US39081,39,OHIO,OH,Jefferson,39081,"Jefferson County, Ohio",408.2374404,68510.0,0.0,32661.0,159.0,28176.0,404.0,11564.0,935.0,2843.0,352.0,22591.0,874.0,5099.0,419.0,13024.0,130.0,13485.0,176.0,12057.0,531.0,2291.0,281.8,6334.0,129.0,209.0,128.5,1614.0,209.5,1810.0,239.0,274.0,82.3,2418.0,231.0,2367.0,330.0,17.5,1.4,9.2,1.1,22591.0,874.0,10.5,0.9,19.0,0.2,19.7,0.3,17.8,0.8,8.1,1.0,9.2,0.2,0.3,0.2,4.9,0.6,5.5,0.7,1.0,0.3,8.6,0.8,3.5,0.5,0.6667,0.5517,0.5977,0.2759,2.092,0.5287,0.954,0.0345,0.8391,0.2874,2.1149,0.5402,0.6437,0.3563,1.0,0.5057,0.6897,0.4138,0.2644,0.8506,0.7816,3.0,0.7471,8.2069,0.5977,0.0,0.0,0.0,0.0,0.0,1.0,0.0,0.0,0.0,1.0,0.0,0.0,0.0,0.0,0.0,0.0,0.0,0.0,0.0,1.0,7116.0,635.0,10.5,0.9,67838.0,"(-80.76100355703822, 40.38501195351679)",0.1128610412702787,1.5195387588136846
0500000US39083,39,OHIO,OH,Knox,39083,"Knox County, Ohio",525.50575375,61063.0,0.0,25333.0,191.0,22642.0,387.0,8950.0,1128.0,2328.0,335.0,23926.0,838.0,4960.0,525.0,9439.0,55.0,14400.0,36.0,8255.0,501.0,1895.0,289.7,2624.0,29.0,330.0,164.3,568.0,128.8,1179.0,184.0,339.0,132.0,1829.0,270.0,3477.0,445.0,15.5,1.9,7.7,1.1,23926.0,838.0,12.6,1.3,15.5,0.1,23.6,0.1,13.7,0.8,8.4,1.3,4.3,0.0,0.6,0.3,2.2,0.5,4.7,0.7,1.5,0.6,8.1,1.2,5.7,0.7,0.5172,0.2184,0.3908,0.5517,1.6782,0.4138,0.4368,0.5287,0.3793,0.3448,1.6897,0.2874,0.2414,0.6552,0.8966,0.4368,0.2989,0.3333,0.6322,0.7586,0.8851,2.908,0.6897,7.1724,0.4368,0.0,0.0,0.0,0.0,0.0,0.0,0.0,0.0,0.0,0.0,0.0,0.0,0.0,0.0,0.0,0.0,0.0,0.0,0.0,0.0,8980.0,1206.0,14.9,2.0,57432.0,"(-82.42152333768603, 40.39875750585811)",0.14550819896660597,1.7636517245399068
0500000US39093,39,OHIO,OH,Lorain,39093,"Lorain County, Ohio",491.12217026,302465.0,0.0,127901.0,391.0,117134.0,799.0,42680.0,2201.0,14575.0,894.0,26487.0,499.0,22322.0,923.0,46298.0,57.0,70449.0,28.0,41857.0,1147.0,11860.0,718.8,61347.0,95.0,3329.0,488.2,10655.0,688.8,2956.0,283.0,1456.0,262.8,8124.0,537.0,9587.0,939.0,14.6,0.8,9.6,0.6,26487.0,499.0,10.9,0.4,15.3,0.1,23.3,0.0,14.1,0.4,10.1,0.6,20.3,0.0,1.2,0.2,8.3,0.5,2.3,0.2,1.2,0.2,6.9,0.4,3.2,0.3,0.4253,0.5862,0.2184,0.3678,1.5977,0.3563,0.3678,0.4483,0.4713,0.7816,2.069,0.5057,0.9195,0.9195,1.8391,0.9655,0.8506,0.1379,0.4713,0.5632,0.7126,2.7356,0.5632,8.2414,0.6207,0.0,0.0,0.0,0.0,0.0,0.0,0.0,0.0,0.0,0.0,1.0,1.0,2.0,0.0,0.0,0.0,0.0,0.0,0.0,2.0,26490.0,1412.0,9.0,0.5,263043.0,"(-82.15115939260494, 41.295600005727394)",0.1378088507217358,1.7543775462724156
0500000US39097,39,OHIO,OH,Madison,39097,"Madison County, Ohio",465.87236626,43326.0,0.0,15904.0,181.0,14676.0,296.0,4476.0,658.0,1443.0,225.0,23994.0,1049.0,4307.0,369.0,5714.0,84.0,9428.0,40.0,5370.0,495.0,1266.0,230.3,4529.0,29.0,273.0,119.4,542.0,145.8,968.0,148.0,229.0,102.8,967.0,187.0,5380.0,422.0,11.6,1.7,7.3,1.1,23994.0,1049.0,14.3,1.2,13.2,0.2,21.8,0.1,13.8,1.3,8.6,1.6,10.5,0.1,0.7,0.3,3.4,0.9,6.1,0.9,1.6,0.7,6.6,1.3,12.4,1.0,0.1609,0.1724,0.3678,0.7701,1.4713,0.2989,0.1034,0.1954,0.4023,0.4253,1.1264,0.0575,0.7356,0.7011,1.4368,0.8046,0.4713,0.4828,0.7011,0.4713,0.977,3.1034,0.7586,7.1379,0.4253,0.0,0.0,0.0,0.0,0.0,0.0,0.0,0.0,0.0,0.0,0.0,0.0,0.0,0.0,0.0,0.0,0.0,1.0,1.0,1.0,4719.0,511.0,12.2,1.3,38752.0,"(-83.40020507299378, 39.89401671968707)",0.12729038904205875,1.686490482023126
0500000US39101,39,OHIO,OH,Marion,39101,"Marion County, Ohio",403.75723751,66171.0,0.0,27797.0,217.0,24586.0,470.0,11438.0,1003.0,2793.0,299.0,20986.0,704.0,6524.0,455.0,9922.0,125.0,14197.0,0.0,10834.0,610.0,2524.0,302.7,7066.0,21.0,144.0,110.5,1507.0,247.7,1473.0,227.0,325.0,113.2,1855.0,250.0,6553.0,499.0,19.1,1.7,9.7,1.0,20986.0,704.0,14.1,1.0,15.0,0.2,21.5,0.0,17.9,1.0,10.3,1.2,10.7,0.0,0.2,0.2,5.4,0.9,5.3,0.8,1.3,0.5,7.5,1.0,9.9,0.8,0.8506,0.6322,0.8276,0.7471,3.0575,0.8276,0.3103,0.1379,0.8621,0.8046,2.1149,0.5402,0.7471,0.2414,0.9885,0.4943,0.7356,0.3793,0.5287,0.6667,0.9655,3.2759,0.8851,9.4368,0.8506,0.0,0.0,0.0,0.0,0.0,0.0,0.0,0.0,0.0,0.0,0.0,0.0,0.0,0.0,0.0,0.0,0.0,1.0,1.0,1.0,7512.0,705.0,12.4,1.1,66415.0,"(-83.16087287613266, 40.58719007638482)",0.11133626113657456,1.641208622889788
0500000US39103,39,OHIO,OH,Medina,39103,"Medina County, Ohio",421.3940564,174091.0,0.0,69919.0,110.0,65950.0,546.0,13015.0,1278.0,5547.0,422.0,31291.0,600.0,7787.0,558.0,24851.0,117.0,42392.0,0.0,16635.0,746.0,4913.0,430.2,9701.0,208.0,639.0,212.2,4834.0,460.4,753.0,147.0,719.0,201.0,2639.0,291.0,1333.0,248.0,7.5,0.7,5.9,0.5,31291.0,600.0,6.5,0.5,14.3,0.1,24.4,0.0,9.6,0.4,7.4,0.6,5.6,0.1,0.4,0.1,6.9,0.7,1.1,0.2,1.1,0.3,4.0,0.4,0.8,0.1,0.0345,0.0575,0.0345,0.023,0.1494,0.0115,0.2299,0.7126,0.0345,0.1954,1.1724,0.0805,0.3563,0.4368,0.7931,0.3563,0.8161,0.0575,0.3563,0.0575,0.023,1.3103,0.0575,3.4253,0.0,0.0,0.0,0.0,0.0,0.0,0.0,0.0,0.0,0.0,0.0,0.0,0.0,0.0,0.0,0.0,0.0,0.0,0.0,0.0,0.0,13528.0,987.0,7.8,0.6,144011.0,"(-81.89968973276852, 41.11759362845243)",0.1174566010487783,1.5388436434497974
0500000US39107,39,OHIO,OH,Mercer,39107,"Mercer County, Ohio",462.44918284,40789.0,0.0,17655.0,84.0,15923.0,294.0,3541.0,509.0,1353.0,231.0,24362.0,785.0,2371.0,238.0,6545.0,23.0,10474.0,59.0,4505.0,444.0,1019.0,197.4,1502.0,65.0,57.0,91.3,430.0,125.9,1302.0,210.0,192.0,70.8,751.0,168.0,462.0,184.0,8.8,1.3,6.2,1.0,24362.0,785.0,8.8,0.9,16.0,0.1,25.7,0.1,11.1,1.1,6.4,1.2,3.7,0.2,0.1,0.2,2.4,0.7,7.4,1.2,1.2,0.4,4.7,1.1,1.1,0.5,0.069,0.0805,0.3448,0.1379,0.6322,0.1149,0.5517,0.931,0.0805,0.0805,1.6437,0.2069,0.1724,0.1379,0.3103,0.0805,0.3218,0.5747,0.4368,0.1149,0.1954,1.6437,0.1494,4.2299,0.046,0.0,0.0,0.0,0.0,0.0,0.0,1.0,0.0,0.0,1.0,0.0,0.0,0.0,0.0,0.0,0.0,0.0,0.0,0.0,1.0,3219.0,523.0,8.0,1.3,36590.0,"(-84.62937242114201, 40.53994715515809)",0.13033600430936518,1.489139817156992
0500000US39111,39,OHIO,OH,Monroe,39111,"Monroe County, Ohio",455.72097325,14590.0,0.0,7525.0,48.0,6056.0,214.0,2705.0,478.0,518.0,115.0,22337.0,1439.0,1489.0,201.0,3023.0,25.0,3140.0,42.0,2569.0,225.0,480.0,106.8,339.0,18.0,47.0,74.0,140.0,52.8,1084.0,143.0,51.0,46.6,420.0,91.0,161.0,90.0,18.8,3.3,8.4,1.9,22337.0,1439.0,14.2,1.9,20.7,0.2,21.5,0.3,17.8,1.5,7.9,1.7,2.3,0.1,0.3,0.5,1.9,0.7,14.4,1.9,0.8,0.8,6.9,1.5,1.1,0.6,0.7931,0.3793,0.6782,0.7586,2.6092,0.7011,0.9885,0.1724,0.8391,0.2414,2.2414,0.6897,0.0115,0.4023,0.4138,0.1379,0.1954,0.7816,0.1379,0.5632,0.1609,1.8391,0.2069,7.1034,0.4138,0.0,0.0,0.0,0.0,0.0,1.0,0.0,0.0,0.0,1.0,0.0,0.0,0.0,0.0,0.0,0.0,0.0,0.0,0.0,1.0,1677.0,417.0,11.6,2.9,13871.0,"(-81.08291858616863, 39.72735960100166)",0.12447135425640157,1.5894949984354798
0500000US39113,39,OHIO,OH,Montgomery,39113,"Montgomery County, Ohio",461.55655517,534801.0,0.0,254466.0,433.0,222673.0,1507.0,95667.0,3127.0,27819.0,1312.0,25171.0,303.0,41286.0,1358.0,84894.0,43.0,121161.0,40.0,80508.0,1566.0,24943.0,938.4,148687.0,339.0,4576.0,545.3,23524.0,948.2,3614.0,333.0,2697.0,358.3,22078.0,942.0,17904.0,939.0,18.5,0.6,10.6,0.5,25171.0,303.0,11.4,0.4,15.9,0.1,22.7,0.0,15.3,0.3,11.2,0.4,27.8,0.1,0.9,0.1,9.2,0.4,1.4,0.1,1.2,0.2,9.9,0.4,3.3,0.2,0.7586,0.7701,0.2874,0.4598,2.2759,0.5862,0.4943,0.3218,0.6437,0.9195,2.3793,0.8046,0.954,0.8391,1.7931,0.931,0.8966,0.0805,0.4598,0.954,0.7586,3.1494,0.7931,9.5977,0.8736,0.0,0.0,0.0,0.0,0.0,0.0,0.0,0.0,1.0,1.0,1.0,0.0,1.0,0.0,0.0,0.0,1.0,0.0,1.0,3.0,60541.0,1905.0,11.5,0.4,573923.0,"(-84.29067930258391, 39.75457816894244)",0.12639675256421462,1.516960173547497
0500000US39121,39,OHIO,OH,Noble,39121,"Noble County, Ohio",398.01242585,14561.0,0.0,6037.0,131.0,4916.0,204.0,1641.0,377.0,522.0,134.0,20719.0,2372.0,2166.0,333.0,3326.0,271.0,1992.0,215.0,2277.0,357.0,214.0,66.7,1247.0,208.0,22.0,69.5,87.0,61.9,895.0,148.0,99.0,69.4,296.0,105.0,2589.0,305.0,13.7,3.2,10.8,2.7,20719.0,2372.0,19.2,2.9,22.8,1.9,13.7,1.5,19.0,3.0,4.4,1.3,8.6,1.4,0.2,0.5,1.4,1.0,14.8,2.5,2.0,1.4,6.0,2.1,17.8,2.1,0.3103,0.8046,0.8621,0.9425,2.9195,0.7816,1.0,0.0,0.9195,0.0115,1.931,0.4023,0.5977,0.1609,0.7586,0.3218,0.092,0.7931,0.8966,0.3908,1.0,3.1724,0.8161,8.7816,0.7586,0.0,0.0,0.0,1.0,1.0,1.0,0.0,1.0,0.0,2.0,0.0,0.0,0.0,0.0,0.0,0.0,0.0,1.0,1.0,4.0,1545.0,346.0,12.9,2.9,12569.0,"(-81.45554059623406, 39.76595816498032)",0.11014811829298012,1.8387203521931996
0500000US39127,39,OHIO,OH,Perry,39127,"Perry County, Ohio",407.98727719,36000.0,0.0,15162.0,70.0,13637.0,274.0,6689.0,804.0,1806.0,302.0,19580.0,748.0,3846.0,405.0,5029.0,87.0,8907.0,75.0,5892.0,610.0,1226.0,190.2,972.0,24.0,18.0,96.8,508.0,135.2,2609.0,314.0,202.0,93.7,1024.0,198.0,315.0,157.0,18.8,2.2,11.0,1.8,19580.0,748.0,16.1,1.7,14.0,0.2,24.7,0.2,16.5,1.7,9.0,1.4,2.7,0.1,0.1,0.3,3.4,0.9,17.2,2.1,1.5,0.7,7.5,1.4,0.9,0.4,0.7931,0.8391,0.9425,0.8736,3.4483,0.9195,0.1839,0.8276,0.7701,0.5172,2.2989,0.7356,0.023,0.046,0.069,0.0,0.4483,0.8851,0.6207,0.6667,0.046,2.6667,0.5402,8.4828,0.6667,0.0,0.0,1.0,0.0,1.0,0.0,0.0,0.0,0.0,0.0,0.0,0.0,0.0,0.0,0.0,0.0,0.0,0.0,0.0,1.0,4312.0,554.0,12.1,1.6,27131.0,"(-82.23612327471875, 39.73712409748274)",0.11223137027344743,1.627316655419412
0500000US39133,39,OHIO,OH,Portage,39133,"Portage County, Ohio",487.40552267,161553.0,0.0,67815.0,329.0,61042.0,721.0,24686.0,1736.0,9260.0,718.0,25926.0,506.0,9249.0,554.0,22192.0,84.0,32249.0,0.0,19049.0,1057.0,5143.0,502.7,14967.0,93.0,778.0,206.4,5786.0,532.8,4990.0,372.0,568.0,161.4,3387.0,331.0,6663.0,721.0,16.0,1.1,10.2,0.8,25926.0,506.0,9.0,0.5,13.7,0.1,20.0,0.0,11.9,0.7,8.4,0.8,9.3,0.1,0.5,0.1,8.5,0.8,7.4,0.5,0.9,0.3,5.5,0.5,4.1,0.4,0.5402,0.7356,0.2529,0.1494,1.6782,0.4023,0.1264,0.046,0.1839,0.3563,0.7126,0.0115,0.6552,0.5977,1.2529,0.6782,0.8621,0.5747,0.2414,0.2989,0.8276,2.8046,0.6322,6.4483,0.2989,0.0,0.0,0.0,0.0,0.0,0.0,0.0,0.0,0.0,0.0,0.0,0.0,0.0,0.0,0.0,0.0,0.0,0.0,0.0,0.0,15483.0,1166.0,9.6,0.7,154266.0,"(-81.1974049201113, 41.167675292163956)",0.1400668254473279,1.4999988424537154
0500000US39137,39,OHIO,OH,Putnam,39137,"Putnam County, Ohio",482.52114859,34256.0,0.0,13762.0,69.0,13006.0,159.0,2253.0,371.0,723.0,134.0,26060.0,625.0,1664.0,244.0,5088.0,40.0,8886.0,10.0,3323.0,261.0,673.0,135.7,2351.0,7.0,130.0,109.9,277.0,105.1,763.0,133.0,115.0,52.3,477.0,111.0,334.0,94.0,6.7,1.1,3.9,0.7,26060.0,625.0,7.3,1.1,14.9,0.1,25.9,0.0,9.8,0.8,5.2,1.0,6.9,0.0,0.4,0.3,2.0,0.8,5.5,1.0,0.9,0.4,3.7,0.9,1.0,0.3,0.023,0.0,0.2414,0.0345,0.2989,0.046,0.2989,0.9425,0.0575,0.023,1.3218,0.1149,0.5172,0.4828,1.0,0.5057,0.2644,0.4138,0.1839,0.0345,0.0805,0.977,0.0,3.5977,0.0115,0.0,0.0,0.0,0.0,0.0,0.0,1.0,0.0,0.0,1.0,0.0,0.0,0.0,0.0,0.0,0.0,0.0,0.0,0.0,1.0,1570.0,249.0,4.6,0.7,29554.0,"(-84.13172865593258, 41.022102530658245)",0.1342773934501878,1.648787974515765
0500000US39141,39,OHIO,OH,Ross,39141,"Ross County, Ohio",689.18712326,77552.0,0.0,31933.0,226.0,28209.0,460.0,13820.0,1224.0,4859.0,585.0,21536.0,716.0,8209.0,648.0,10989.0,74.0,17137.0,50.0,12606.0,728.0,2817.0,310.8,7787.0,90.0,507.0,177.3,1271.0,222.9,4341.0,337.0,620.0,179.6,1800.0,221.0,6099.0,482.0,19.4,1.7,14.2,1.7,21536.0,716.0,15.1,1.2,14.2,0.1,22.1,0.1,17.6,1.0,10.0,1.1,10.0,0.1,0.7,0.2,4.0,0.7,13.6,1.0,2.2,0.6,6.4,0.8,7.9,0.6,0.8736,0.9655,0.7586,0.8391,3.4368,0.908,0.2069,0.2414,0.8276,0.7471,2.023,0.4598,0.7241,0.7241,1.4483,0.8161,0.5862,0.7701,0.9425,0.4253,0.954,3.6782,0.977,10.5862,0.977,0.0,1.0,0.0,0.0,1.0,0.0,0.0,0.0,0.0,0.0,0.0,0.0,0.0,0.0,0.0,1.0,0.0,1.0,2.0,3.0,8873.0,869.0,12.4,1.2,72061.0,"(-83.05702253576074, 39.33759360987364)",0.18755414768414339,1.9240114939749509
0500000US39143,39,OHIO,OH,Sandusky,39143,"Sandusky County, Ohio",408.45785831,60498.0,0.0,26293.0,139.0,23831.0,349.0,8725.0,879.0,2458.0,315.0,23236.0,681.0,4356.0,378.0,9691.0,60.0,14327.0,44.0,8444.0,595.0,2376.0,298.2,8687.0,32.0,392.0,175.6,977.0,155.7,1417.0,172.0,159.0,71.3,1383.0,217.0,1464.0,303.0,14.7,1.5,8.0,1.0,23236.0,681.0,10.5,0.9,16.0,0.1,23.7,0.1,14.2,1.0,10.0,1.2,14.4,0.1,0.7,0.3,3.7,0.6,5.4,0.7,0.7,0.3,5.8,0.9,2.4,0.5,0.4483,0.2874,0.5057,0.2759,1.5172,0.3333,0.5517,0.5632,0.4943,0.7356,2.3448,0.7816,0.8506,0.7126,1.5632,0.8276,0.5172,0.4023,0.0345,0.3448,0.6322,1.931,0.2414,7.3563,0.4713,0.0,0.0,0.0,0.0,0.0,0.0,0.0,0.0,0.0,0.0,0.0,0.0,0.0,0.0,0.0,0.0,0.0,0.0,0.0,0.0,5980.0,630.0,10.0,1.1,59846.0,"(-83.14540960377141, 41.356811718145366)",0.11554691110100028,1.6371077522662119
0500000US39147,39,OHIO,OH,Seneca,39147,"Seneca County, Ohio",551.01985267,56100.0,0.0,24028.0,158.0,21539.0,390.0,9068.0,785.0,2734.0,321.0,22552.0,658.0,3861.0,371.0,8604.0,74.0,12809.0,41.0,7604.0,502.0,2263.0,241.7,5149.0,16.0,267.0,144.9,869.0,184.7,1163.0,180.0,147.0,58.9,1518.0,242.0,2950.0,382.0,17.1,1.5,9.7,1.1,22552.0,658.0,10.4,1.0,15.3,0.1,22.8,0.1,13.8,0.9,10.5,1.1,9.2,0.0,0.5,0.3,3.6,0.8,4.8,0.7,0.7,0.3,7.0,1.1,5.3,0.7,0.6322,0.6322,0.6437,0.2529,2.1609,0.5747,0.3678,0.3448,0.4023,0.8506,1.9655,0.4368,0.6322,0.5862,1.2184,0.6667,0.4943,0.3448,0.046,0.6092,0.8506,2.3448,0.3908,7.6897,0.5287,0.0,0.0,0.0,0.0,0.0,0.0,0.0,0.0,0.0,0.0,0.0,0.0,0.0,0.0,0.0,0.0,0.0,0.0,0.0,0.0,5337.0,525.0,9.7,0.9,53892.0,"(-83.12769011787405, 41.12387691444164)",0.15350885429079825,1.6948597305199098
0500000US39151,39,OHIO,OH,Stark,39151,"Stark County, Ohio",575.32663652,375090.0,0.0,165278.0,317.0,149756.0,1055.0,54931.0,2206.0,18224.0,952.0,24821.0,357.0,26532.0,918.0,63366.0,81.0,83741.0,0.0,49567.0,1214.0,14526.0,739.4,47250.0,137.0,1576.0,301.4,9588.0,567.1,3884.0,355.0,1294.0,273.3,11319.0,617.0,8989.0,650.0,15.0,0.6,9.6,0.5,24821.0,357.0,10.3,0.4,16.9,0.1,22.3,0.0,13.4,0.3,9.7,0.5,12.6,0.0,0.4,0.1,5.8,0.3,2.3,0.2,0.9,0.2,7.6,0.4,2.4,0.2,0.4943,0.5862,0.3103,0.2414,1.6322,0.3793,0.7471,0.2874,0.3103,0.6667,2.0115,0.4483,0.8161,0.5402,1.3563,0.7471,0.7586,0.1379,0.1609,0.7126,0.6092,2.3793,0.4253,7.3793,0.4828,0.0,0.0,0.0,0.0,0.0,0.0,0.0,0.0,0.0,0.0,0.0,0.0,0.0,0.0,0.0,0.0,0.0,0.0,0.0,0.0,38013.0,1741.0,10.3,0.5,376258.0,"(-81.36562811046235, 40.81388294474104)",0.1604928465252127,1.8514763013435964
0500000US39157,39,OHIO,OH,Tuscarawas,39157,"Tuscarawas County, Ohio",567.63553603,92616.0,0.0,40062.0,146.0,36366.0,497.0,13033.0,1151.0,3672.0,404.0,22617.0,535.0,8528.0,479.0,15812.0,82.0,21535.0,0.0,12037.0,543.0,3093.0,397.2,4234.0,13.0,933.0,260.0,1027.0,151.5,3391.0,341.0,505.0,152.9,2385.0,306.0,1172.0,293.0,14.3,1.3,7.9,0.9,22617.0,535.0,13.4,0.7,17.1,0.1,23.3,0.0,13.1,0.6,8.5,1.1,4.6,0.0,1.1,0.3,2.6,0.4,8.5,0.9,1.4,0.4,6.6,0.8,1.3,0.3,0.3678,0.2759,0.5862,0.6782,1.908,0.4943,0.7931,0.4368,0.2759,0.4023,1.908,0.3908,0.2874,0.8736,1.1609,0.6207,0.3448,0.6437,0.5862,0.4713,0.2759,2.3218,0.3678,7.2989,0.4483,0.0,0.0,0.0,0.0,0.0,0.0,0.0,0.0,0.0,0.0,0.0,0.0,0.0,0.0,0.0,0.0,0.0,0.0,0.0,0.0,11618.0,893.0,12.7,1.0,85677.0,"(-81.47375672220477, 40.44094146289786)",0.15710791898605733,1.7776039779951525
0500000US39005,39,OHIO,OH,Ashland,39005,"Ashland County, Ohio",422.9507965,53202.0,0.0,22112.0,146.0,20339.0,422.0,7825.0,1219.0,2769.0,370.0,22441.0,1353.0,4498.0,395.0,8764.0,64.0,12350.0,48.0,7168.0,541.0,1500.0,250.5,1953.0,14.0,687.0,336.8,847.0,188.8,1121.0,180.0,397.0,132.9,1411.0,251.0,2174.0,365.0,15.4,2.4,10.6,1.4,22441.0,1353.0,12.8,1.1,16.5,0.1,23.2,0.1,13.6,1.0,7.4,1.2,3.7,0.0,1.4,0.7,3.8,0.9,5.1,0.8,2.0,0.7,6.9,1.2,4.1,0.7,0.5057,0.7701,0.6552,0.6092,2.5402,0.6782,0.6667,0.4253,0.3563,0.1839,1.6322,0.1954,0.1609,0.954,1.1149,0.5862,0.5287,0.3678,0.8736,0.5632,0.8161,3.1494,0.7816,8.4368,0.6552,0.0,0.0,0.0,0.0,0.0,0.0,0.0,0.0,0.0,0.0,0.0,1.0,1.0,0.0,0.0,0.0,0.0,0.0,0.0,1.0,7525.0,909.0,14.3,1.7,49126.0,"(-82.27068711472498, 40.84601388395344)",0.118049382957374,1.6301999656212884
0500000US39011,39,OHIO,OH,Auglaize,39011,"Auglaize County, Ohio",401.39136507,45867.0,0.0,19601.0,75.0,18115.0,277.0,4148.0,574.0,1564.0,245.0,25033.0,603.0,2503.0,257.0,7385.0,33.0,11333.0,26.0,5359.0,360.0,1151.0,213.6,1496.0,23.0,104.0,96.9,662.0,191.3,790.0,157.0,219.0,85.7,728.0,152.0,534.0,139.0,9.2,1.3,6.5,1.0,25033.0,603.0,8.1,0.8,16.1,0.1,24.7,0.1,11.8,0.8,6.4,1.2,3.3,0.1,0.2,0.2,3.4,1.0,4.0,0.8,1.2,0.5,4.0,0.8,1.2,0.3,0.0805,0.092,0.2989,0.0805,0.5517,0.1034,0.5862,0.8161,0.1724,0.069,1.6437,0.2299,0.1149,0.2644,0.3793,0.1034,0.4598,0.2414,0.4483,0.0575,0.2069,1.4138,0.0805,3.9885,0.0345,0.0,0.0,0.0,0.0,0.0,0.0,0.0,0.0,0.0,0.0,0.0,0.0,0.0,0.0,0.0,0.0,0.0,0.0,0.0,0.0,3456.0,482.0,7.6,1.1,41406.0,"(-84.22172893088056, 40.5609179641265)",0.11068869197186217,1.8070961111300874
0500000US39015,39,OHIO,OH,Brown,39015,"Brown County, Ohio",490.01578455,44464.0,0.0,19343.0,76.0,16587.0,390.0,6327.0,855.0,2261.0,319.0,22088.0,1222.0,5238.0,460.0,6841.0,41.0,10706.0,44.0,7478.0,526.0,1513.0,240.6,1428.0,37.0,4.0,89.9,340.0,95.7,3779.0,387.0,283.0,99.0,957.0,210.0,556.0,145.0,14.6,2.0,11.0,1.5,22088.0,1222.0,17.3,1.5,15.4,0.1,24.1,0.1,17.0,1.2,9.1,1.4,3.2,0.1,0.0,0.2,1.8,0.5,19.5,2.0,1.7,0.6,5.8,1.3,1.3,0.3,0.4253,0.8391,0.7011,0.8851,2.8506,0.7586,0.4138,0.6782,0.8161,0.5632,2.4713,0.8621,0.1034,0.0,0.1034,0.023,0.1494,0.931,0.7586,0.3448,0.2644,2.4483,0.4483,7.8736,0.5402,0.0,0.0,0.0,0.0,0.0,0.0,0.0,0.0,0.0,0.0,0.0,0.0,0.0,0.0,1.0,0.0,0.0,0.0,1.0,1.0,5556.0,617.0,12.6,1.4,34471.0,"(-83.86743752015921, 38.934033152749215)",0.13275876295296352,1.8409939994029858
0500000US39021,39,OHIO,OH,Champaign,39021,"Champaign County, Ohio",428.66884125,39628.0,0.0,16713.0,79.0,15163.0,276.0,4868.0,768.0,2030.0,328.0,23573.0,840.0,3166.0,345.0,6126.0,59.0,9538.0,0.0,5637.0,440.0,1481.0,215.0,2428.0,24.0,88.0,88.9,461.0,107.8,1197.0,195.0,127.0,58.0,732.0,149.0,839.0,196.0,12.6,2.0,10.2,1.6,23573.0,840.0,11.9,1.3,15.5,0.1,24.1,0.0,14.4,1.1,9.8,1.4,6.1,0.1,0.2,0.2,2.8,0.6,7.2,1.2,0.8,0.4,4.8,1.0,2.1,0.5,0.1954,0.7356,0.4483,0.5057,1.8851,0.4828,0.4368,0.6552,0.5402,0.7011,2.3333,0.7586,0.4138,0.2529,0.6667,0.2529,0.3678,0.5632,0.1264,0.1379,0.5172,1.7126,0.1609,6.5977,0.3333,0.0,0.0,0.0,0.0,0.0,0.0,0.0,0.0,0.0,0.0,0.0,0.0,0.0,0.0,0.0,0.0,0.0,0.0,0.0,0.0,3825.0,459.0,9.8,1.2,32924.0,"(-83.76949579336653, 40.13767516106884)",0.11765518345904755,1.5090482770060216
0500000US39037,39,OHIO,OH,Darke,39037,"Darke County, Ohio",598.11871209,52537.0,0.0,22694.0,103.0,20929.0,257.0,7209.0,827.0,2229.0,281.0,22582.0,656.0,4517.0,358.0,9289.0,38.0,12918.0,68.0,6951.0,408.0,1686.0,186.0,1743.0,5.0,72.0,96.1,453.0,137.6,949.0,157.0,229.0,82.5,1332.0,182.0,690.0,228.0,13.9,1.6,8.7,1.1,22582.0,656.0,12.7,1.0,17.7,0.1,24.6,0.1,13.4,0.8,8.1,0.9,3.3,0.0,0.1,0.2,2.0,0.6,4.2,0.7,1.1,0.4,6.4,0.9,1.3,0.4,0.3333,0.4713,0.6207,0.5977,2.023,0.5057,0.8506,0.7586,0.3103,0.2759,2.1954,0.6322,0.1264,0.1264,0.2529,0.0575,0.2529,0.2529,0.3678,0.4253,0.3103,1.6092,0.1264,6.0805,0.2529,0.0,0.0,0.0,0.0,0.0,0.0,0.0,0.0,0.0,0.0,0.0,0.0,0.0,0.0,0.0,0.0,0.0,0.0,0.0,0.0,5592.0,595.0,10.8,1.1,45310.0,"(-84.61940236879062, 40.133268589597336)",0.16422654131161712,1.6336851014480371
0500000US39049,39,OHIO,OH,Franklin,39049,"Franklin County, Ohio",532.24078615,1197592.0,0.0,533352.0,552.0,474683.0,2001.0,210472.0,5237.0,52751.0,2021.0,28807.0,254.0,79843.0,2021.0,124199.0,29.0,284677.0,0.0,138097.0,2549.0,52323.0,1553.3,402637.0,513.0,24204.0,1458.6,76011.0,1755.0,5475.0,394.0,10023.0,832.2,39760.0,1125.0,25394.0,1217.0,18.0,0.4,8.1,0.3,28807.0,254.0,10.2,0.3,10.4,0.1,23.8,0.0,11.6,0.2,11.0,0.3,33.6,0.0,2.2,0.1,14.3,0.3,1.0,0.1,2.1,0.2,8.4,0.2,2.1,0.1,0.7011,0.3218,0.0805,0.2299,1.3333,0.2874,0.0,0.5977,0.1379,0.908,1.6437,0.2069,0.9885,0.9885,1.977,0.9885,0.977,0.0115,0.931,0.8276,0.5287,3.2759,0.8851,8.2299,0.6092,0.0,0.0,0.0,0.0,0.0,0.0,0.0,0.0,1.0,1.0,1.0,1.0,2.0,1.0,0.0,1.0,0.0,0.0,2.0,5.0,148034.0,3938.0,12.4,0.3,1314629.0,"(-83.0093427756272, 39.96951971461468)",0.14840148039548573,1.6990869889163078
0500000US39057,39,OHIO,OH,Greene,39057,"Greene County, Ohio",413.73230584,163313.0,0.0,68752.0,261.0,63549.0,696.0,22039.0,1710.0,6558.0,600.0,30629.0,598.0,8160.0,567.0,23845.0,84.0,34584.0,0.0,19138.0,878.0,5263.0,421.6,24986.0,86.0,1230.0,302.6,6213.0,508.9,904.0,174.0,452.0,164.6,3344.0,305.0,9139.0,610.0,14.3,1.1,8.1,0.7,30629.0,598.0,7.6,0.5,14.6,0.1,21.2,0.0,12.0,0.6,8.3,0.7,15.3,0.1,0.8,0.2,9.0,0.7,1.3,0.3,0.7,0.3,5.3,0.5,5.6,0.4,0.3678,0.3218,0.046,0.046,0.7816,0.1379,0.2759,0.1034,0.1954,0.3333,0.908,0.0345,0.8736,0.7816,1.6552,0.908,0.8851,0.069,0.0805,0.2299,0.8736,2.1379,0.3103,5.4828,0.1724,0.0,0.0,0.0,0.0,0.0,0.0,0.0,0.0,0.0,0.0,0.0,0.0,0.0,0.0,0.0,0.0,0.0,0.0,0.0,0.0,13247.0,1169.0,8.3,0.7,179627.0,"(-83.88988995667005, 39.69146417067091)",0.11320527405989525,1.4459484736842616
0500000US39059,39,OHIO,OH,Guernsey,39059,"Guernsey County, Ohio",522.2536251,39794.0,0.0,19127.0,64.0,15564.0,349.0,7332.0,757.0,2140.0,316.0,21559.0,790.0,4046.0,390.0,6712.0,38.0,9109.0,164.0,6615.0,439.0,1493.0,231.3,1910.0,26.0,148.0,107.9,483.0,113.8,2978.0,344.0,208.0,75.0,1113.0,168.0,524.0,117.0,18.7,1.9,11.6,1.6,21559.0,790.0,14.8,1.4,16.9,0.1,22.9,0.4,16.8,1.1,9.6,1.5,4.8,0.1,0.4,0.3,2.5,0.6,15.6,1.8,1.3,0.5,7.2,1.0,1.3,0.3,0.7816,0.908,0.7471,0.8046,3.2414,0.8966,0.7471,0.3563,0.8046,0.6437,2.5517,0.8736,0.3103,0.4598,0.7701,0.3333,0.3333,0.8621,0.5517,0.6322,0.3218,2.7011,0.5517,9.2644,0.8391,0.0,1.0,0.0,0.0,1.0,0.0,0.0,0.0,0.0,0.0,0.0,0.0,0.0,0.0,0.0,0.0,0.0,0.0,0.0,1.0,5017.0,529.0,12.8,1.3,37109.0,"(-81.49425337244621, 40.05203781319015)",0.14441708383956897,1.7449266680152549
0500000US39067,39,OHIO,OH,Harrison,39067,"Harrison County, Ohio",402.33174506,15698.0,0.0,8130.0,49.0,6333.0,218.0,2752.0,382.0,489.0,147.0,22180.0,1478.0,1481.0,186.0,3011.0,55.0,3334.0,20.0,2345.0,234.0,553.0,135.1,730.0,11.0,34.0,68.0,96.0,49.2,1203.0,174.0,57.0,29.4,316.0,82.0,259.0,112.0,17.9,2.5,6.7,2.0,22180.0,1478.0,13.2,1.6,19.2,0.4,21.2,0.1,15.2,1.5,8.7,2.1,4.7,0.1,0.2,0.5,1.2,0.6,14.8,2.2,0.9,0.5,5.0,1.3,1.6,0.7,0.6782,0.1264,0.6897,0.6552,2.1494,0.5517,0.9655,0.1149,0.6322,0.4483,2.1609,0.6207,0.2989,0.2299,0.5287,0.1954,0.046,0.7931,0.2069,0.1724,0.3908,1.6092,0.1379,6.4483,0.3103,0.0,0.0,0.0,0.0,0.0,1.0,0.0,0.0,0.0,1.0,0.0,0.0,0.0,0.0,0.0,0.0,0.0,0.0,0.0,1.0,1719.0,295.0,11.1,1.9,13440.0,"(-81.09112586089955, 40.29382530880572)",0.11266482105697895,1.4617113364717311
0500000US39075,39,OHIO,OH,Holmes,39075,"Holmes County, Ohio",422.53290981,43176.0,0.0,13632.0,67.0,12516.0,239.0,6084.0,949.0,1058.0,199.0,17716.0,698.0,10773.0,486.0,5149.0,49.0,14488.0,66.0,3648.0,337.0,513.0,131.2,863.0,25.0,1354.0,296.3,134.0,60.2,1264.0,249.0,563.0,126.6,3902.0,269.0,852.0,221.0,14.4,2.2,5.5,1.0,17716.0,698.0,44.2,2.0,11.9,0.1,33.6,0.2,8.6,0.8,4.1,1.0,2.0,0.1,3.5,0.8,1.0,0.4,9.3,1.8,4.5,1.0,31.2,2.0,2.0,0.5,0.3908,0.0345,0.977,1.0,2.4023,0.6322,0.046,1.0,0.0115,0.0,1.0575,0.046,0.0,1.0,1.0,0.5057,0.0115,0.6782,1.0,1.0,0.5057,3.1954,0.8506,7.6552,0.5057,0.0,0.0,1.0,1.0,2.0,0.0,1.0,0.0,0.0,1.0,0.0,1.0,1.0,0.0,0.0,1.0,1.0,0.0,2.0,6.0,18513.0,1130.0,43.7,2.7,41985.0,"(-81.92933789013732, 40.56120735003956)",0.11676485930253265,1.5952234700714625
0500000US39089,39,OHIO,OH,Licking,39089,"Licking County, Ohio",682.48808175,167911.0,0.0,69621.0,233.0,64146.0,596.0,20271.0,1496.0,6423.0,558.0,27082.0,623.0,11920.0,737.0,23802.0,69.0,40491.0,0.0,22528.0,983.0,5547.0,530.1,13563.0,63.0,491.0,195.1,2727.0,345.1,3003.0,351.0,912.0,220.5,3479.0,300.0,3592.0,530.0,12.4,0.9,7.3,0.6,27082.0,623.0,10.6,0.7,14.2,0.1,24.1,0.0,13.5,0.6,8.6,0.8,8.1,0.0,0.3,0.1,3.9,0.5,4.3,0.5,1.4,0.3,5.4,0.5,2.1,0.3,0.1839,0.1724,0.1839,0.3103,0.8506,0.1494,0.2069,0.6897,0.3448,0.4368,1.6782,0.2644,0.5747,0.3448,0.9195,0.4483,0.5747,0.2759,0.5977,0.2529,0.5402,2.2414,0.3333,5.6897,0.2184,0.0,0.0,0.0,0.0,0.0,0.0,0.0,0.0,0.0,0.0,0.0,0.0,0.0,0.0,0.0,0.0,0.0,0.0,0.0,0.0,16584.0,1164.0,10.0,0.7,149928.0,"(-82.48314376152273, 40.09160613838006)",0.18803529292439222,1.849993435050706
0500000US39105,39,OHIO,OH,Meigs,39105,"Meigs County, Ohio",430.10168237,23564.0,0.0,11101.0,57.0,9486.0,234.0,5346.0,580.0,1404.0,218.0,19097.0,800.0,2900.0,330.0,3894.0,24.0,5246.0,9.0,4773.0,362.0,856.0,169.2,691.0,9.0,25.0,80.0,208.0,67.5,2612.0,246.0,84.0,51.0,637.0,120.0,234.0,118.0,23.0,2.5,14.1,2.2,19097.0,800.0,17.6,2.0,16.5,0.1,22.3,0.0,20.4,1.6,9.0,1.8,2.9,0.0,0.1,0.4,1.9,0.6,23.5,2.2,0.9,0.5,6.7,1.2,1.0,0.5,0.9425,0.954,0.954,0.908,3.7586,0.9655,0.6667,0.2644,0.954,0.5402,2.4253,0.8276,0.046,0.1034,0.1494,0.046,0.2069,0.954,0.1954,0.5287,0.092,1.977,0.2529,8.3103,0.6322,1.0,1.0,1.0,1.0,4.0,0.0,0.0,1.0,0.0,1.0,0.0,0.0,0.0,0.0,1.0,0.0,0.0,0.0,1.0,6.0,3286.0,405.0,14.1,1.7,19127.0,"(-82.02282930440522, 39.08223662804862)",0.1167201905375083,1.93952395926699
0500000US39119,39,OHIO,OH,Muskingum,39119,"Muskingum County, Ohio",664.60593287,85947.0,0.0,37906.0,163.0,34160.0,469.0,16058.0,1130.0,3985.0,418.0,20887.0,566.0,7731.0,609.0,13658.0,53.0,20263.0,0.0,13511.0,871.0,3978.0,373.7,6762.0,117.0,124.0,92.3,1687.0,274.4,3513.0,346.0,526.0,146.0,2814.0,265.0,1996.0,383.0,19.2,1.4,9.7,1.0,20887.0,566.0,13.4,1.0,15.9,0.1,23.6,0.0,15.9,1.0,11.6,1.1,7.9,0.1,0.2,0.1,4.5,0.7,9.3,0.9,1.5,0.4,8.2,0.8,2.3,0.4,0.8621,0.6322,0.8391,0.6782,3.0115,0.8161,0.4943,0.5172,0.7011,0.9655,2.6782,0.908,0.5632,0.1494,0.7126,0.2644,0.6207,0.6782,0.6897,0.8046,0.5977,3.3908,0.9195,9.7931,0.8966,0.0,0.0,0.0,0.0,0.0,0.0,0.0,0.0,1.0,1.0,0.0,0.0,0.0,0.0,0.0,0.0,0.0,0.0,0.0,1.0,10278.0,848.0,12.1,1.0,89972.0,"(-81.94436917342718, 39.96544274225362)",0.18365954688279473,1.877618741715725
0500000US39145,39,OHIO,OH,Scioto,39145,"Scioto County, Ohio",610.21499818,78520.0,0.0,34100.0,231.0,29558.0,498.0,18284.0,1108.0,3474.0,425.0,20045.0,745.0,9490.0,667.0,12520.0,69.0,17485.0,6.0,16229.0,782.0,2644.0,364.4,4952.0,10.0,269.0,146.8,1550.0,207.7,5260.0,445.0,384.0,163.6,2571.0,302.0,3580.0,554.0,24.5,1.5,11.1,1.3,20045.0,745.0,17.7,1.2,15.9,0.1,22.3,0.0,21.4,1.0,8.9,1.2,6.3,0.0,0.4,0.2,4.5,0.6,15.4,1.3,1.3,0.6,8.7,1.0,4.6,0.7,0.977,0.8621,0.908,0.9195,3.6667,0.9425,0.4943,0.2759,0.9885,0.4943,2.2529,0.7126,0.4253,0.4138,0.8391,0.3908,0.6437,0.8391,0.5172,0.8621,0.8391,3.7011,0.9885,10.4598,0.954,1.0,0.0,1.0,1.0,3.0,0.0,0.0,1.0,0.0,1.0,0.0,0.0,0.0,0.0,0.0,0.0,0.0,0.0,0.0,4.0,10798.0,846.0,14.3,1.1,78069.0,"(-82.9928281504854, 38.80399961095548)",0.1654516493653479,2.268506241403838
0500000US39153,39,OHIO,OH,Summit,39153,"Summit County, Ohio",412.84065926,541464.0,0.0,245178.0,322.0,220710.0,1265.0,78494.0,2264.0,26798.0,1189.0,28389.0,335.0,34669.0,1185.0,83065.0,0.0,119945.0,0.0,67132.0,1765.0,20520.0,861.9,113913.0,292.0,4803.0,685.0,25317.0,982.0,2330.0,280.0,1901.0,247.7,19659.0,834.0,8982.0,771.0,14.7,0.4,9.5,0.4,28389.0,335.0,9.3,0.3,15.3,0.0,22.2,0.0,12.5,0.3,9.3,0.4,21.0,0.1,0.9,0.1,10.3,0.4,1.0,0.1,0.9,0.1,8.9,0.4,1.7,0.1,0.4483,0.5747,0.1264,0.1839,1.3333,0.2759,0.3678,0.2529,0.2299,0.5862,1.4368,0.1379,0.931,0.8506,1.7816,0.9195,0.931,0.0115,0.1494,0.8736,0.4023,2.3678,0.4138,6.9195,0.3793,0.0,0.0,0.0,0.0,0.0,0.0,0.0,0.0,0.0,0.0,1.0,0.0,1.0,1.0,0.0,0.0,0.0,0.0,1.0,2.0,54923.0,2332.0,10.2,0.4,562858.0,"(-81.53216653986084, 41.12597576225755)",0.11668298771591878,1.546283387138211
0500000US39163,39,OHIO,OH,Vinton,39163,"Vinton County, Ohio",412.36028968,13319.0,0.0,6240.0,42.0,5137.0,221.0,3000.0,444.0,703.0,154.0,18198.0,906.0,1899.0,232.0,1965.0,22.0,3162.0,0.0,2459.0,263.0,539.0,132.3,376.0,18.0,11.0,72.0,71.0,43.7,1830.0,237.0,170.0,75.0,341.0,93.0,97.0,83.0,22.7,3.3,12.1,2.6,18198.0,906.0,21.0,2.6,14.8,0.2,23.7,0.0,18.6,2.0,10.5,2.5,2.8,0.1,0.1,0.6,1.1,0.7,29.3,3.8,3.3,1.5,6.6,1.8,0.7,0.6,0.931,0.931,0.9655,0.9655,3.7931,0.977,0.2874,0.5862,0.8966,0.8391,2.6092,0.8966,0.0345,0.0575,0.092,0.0115,0.023,1.0,0.9885,0.4713,0.0115,2.4943,0.4828,8.9885,0.7701,1.0,1.0,1.0,1.0,4.0,0.0,0.0,0.0,0.0,0.0,0.0,0.0,0.0,0.0,1.0,1.0,0.0,0.0,2.0,6.0,1538.0,273.0,11.6,2.1,10557.0,"(-82.4853428994182, 39.25097320517371)",0.1121910039042769,1.7009416483720778
0500000US39173,39,OHIO,OH,Wood,39173,"Wood County, Ohio",617.20932201,128139.0,0.0,53588.0,216.0,49561.0,546.0,17923.0,1335.0,6167.0,477.0,27210.0,664.0,4989.0,413.0,16627.0,114.0,27001.0,0.0,12520.0,687.0,3972.0,403.8,13695.0,161.0,502.0,203.6,5685.0,472.7,3363.0,296.0,503.0,159.9,2394.0,330.0,6941.0,525.0,14.8,1.1,8.9,0.7,27210.0,664.0,6.3,0.5,13.0,0.1,21.1,0.0,9.9,0.5,8.0,0.8,10.7,0.1,0.4,0.2,10.6,0.9,6.3,0.5,1.0,0.3,4.8,0.7,5.4,0.4,0.4713,0.4943,0.1724,0.0115,1.1494,0.2299,0.092,0.092,0.069,0.2644,0.5172,0.0,0.7586,0.4943,1.2529,0.6782,0.954,0.4943,0.2989,0.1379,0.8621,2.7471,0.5862,5.6667,0.2069,0.0,0.0,0.0,0.0,0.0,0.0,0.0,0.0,0.0,0.0,0.0,0.0,0.0,1.0,0.0,0.0,0.0,0.0,1.0,1.0,9471.0,636.0,7.5,0.5,146451.0,"(-83.62300006730902, 41.361680981406586)",0.17294582705686756,1.7301736450612297
0500000US39175,39,OHIO,OH,Wyandot,39175,"Wyandot County, Ohio",406.86416902,22535.0,0.0,9890.0,60.0,9327.0,159.0,2490.0,394.0,904.0,219.0,23266.0,777.0,1626.0,179.0,3851.0,62.0,5366.0,52.0,2973.0,331.0,664.0,142.8,990.0,15.0,209.0,117.3,313.0,96.2,569.0,143.0,94.0,56.9,502.0,131.0,335.0,116.0,11.3,1.8,7.7,1.8,23266.0,777.0,10.5,1.1,17.1,0.3,23.8,0.2,13.4,1.5,7.1,1.5,4.4,0.1,1.0,0.6,3.2,1.0,5.8,1.5,1.0,0.6,5.4,1.4,1.5,0.5,0.1379,0.2184,0.4943,0.2759,1.1264,0.2184,0.7931,0.6092,0.3103,0.1494,1.8621,0.3563,0.2529,0.8621,1.1149,0.5862,0.4253,0.4368,0.2874,0.2529,0.3448,1.7471,0.1839,5.8506,0.2299,0.0,0.0,0.0,0.0,0.0,0.0,0.0,0.0,0.0,0.0,0.0,0.0,0.0,0.0,0.0,0.0,0.0,0.0,0.0,0.0,2094.0,393.0,9.4,1.8,20589.0,"(-83.30437602117492, 40.84237982534753)",0.11271032691148547,1.4175385500493387
0500000US39091,39,OHIO,OH,Logan,39091,"Logan County, Ohio",458.43313323,45564.0,0.0,23152.0,98.0,18471.0,355.0,7606.0,817.0,1950.0,280.0,23897.0,1005.0,4149.0,513.0,7169.0,66.0,11207.0,0.0,6769.0,476.0,1930.0,304.4,2618.0,15.0,359.0,265.0,647.0,175.8,2592.0,255.0,368.0,122.7,1253.0,242.0,420.0,181.0,16.9,1.8,8.7,1.3,23897.0,1005.0,13.4,1.7,15.7,0.1,24.6,0.0,15.0,1.0,10.4,1.6,5.7,0.0,0.8,0.6,2.8,0.8,11.2,1.1,2.0,0.7,6.8,1.3,0.9,0.4,0.6092,0.4713,0.4023,0.6782,2.1609,0.5632,0.4713,0.7701,0.6092,0.8276,2.6782,0.908,0.3908,0.8161,1.2069,0.6437,0.3793,0.7241,0.8851,0.5517,0.0575,2.5977,0.5172,8.6437,0.7241,0.0,0.0,0.0,0.0,0.0,0.0,0.0,0.0,0.0,0.0,0.0,0.0,0.0,0.0,0.0,0.0,0.0,0.0,0.0,0.0,6188.0,856.0,13.7,1.9,43165.0,"(-83.76584791368889, 40.38846052905948)",0.1282288942140836,1.530701091401415
0500000US39161,39,OHIO,OH,Van Wert,39161,"Van Wert County, Ohio",409.1518755,28612.0,0.0,12662.0,86.0,11388.0,222.0,3747.0,521.0,1385.0,217.0,23686.0,1230.0,1780.0,215.0,4986.0,59.0,6860.0,26.0,4011.0,265.0,781.0,141.4,1468.0,21.0,77.0,87.6,185.0,60.9,801.0,149.0,130.0,61.7,438.0,100.0,346.0,188.0,13.3,1.8,9.7,1.5,23686.0,1230.0,9.1,1.1,17.4,0.2,24.0,0.1,14.2,0.9,6.9,1.2,5.1,0.1,0.3,0.3,1.5,0.5,6.3,1.2,1.1,0.5,3.8,0.9,1.2,0.7,0.2644,0.6322,0.4138,0.1724,1.4828,0.3103,0.8276,0.6322,0.4943,0.1034,2.0575,0.4943,0.3333,0.3103,0.6437,0.2299,0.1034,0.4943,0.4253,0.046,0.2299,1.2989,0.046,5.4828,0.1954,0.0,0.0,0.0,0.0,0.0,0.0,0.0,0.0,0.0,0.0,0.0,0.0,0.0,0.0,0.0,0.0,0.0,0.0,0.0,0.0,2986.0,380.0,10.5,1.3,26621.0,"(-84.58611591194472, 40.85540738366101)",0.11353590805087778,1.534125210851657
0500000US39033,39,OHIO,OH,Crawford,39033,"Crawford County, Ohio",401.78533698,43036.0,0.0,20082.0,77.0,17625.0,277.0,6869.0,758.0,1830.0,252.0,21938.0,912.0,3763.0,320.0,8027.0,50.0,9741.0,77.0,6673.0,486.0,1437.0,230.1,1640.0,12.0,43.0,91.3,543.0,139.3,837.0,157.0,133.0,73.1,941.0,193.0,554.0,170.0,16.3,1.8,9.3,1.3,21938.0,912.0,12.6,1.1,18.7,0.1,22.6,0.2,15.7,1.1,8.2,1.3,3.8,0.0,0.1,0.2,2.7,0.7,4.2,0.8,0.8,0.4,5.3,1.1,1.3,0.4,0.5632,0.5632,0.7241,0.5517,2.4023,0.6437,0.9425,0.3103,0.6667,0.3103,2.2299,0.6552,0.1954,0.092,0.2874,0.069,0.3563,0.2529,0.092,0.2299,0.2874,1.2184,0.0345,6.1379,0.2644,0.0,0.0,0.0,0.0,0.0,1.0,0.0,0.0,0.0,1.0,0.0,0.0,0.0,0.0,0.0,0.0,0.0,0.0,0.0,1.0,4455.0,481.0,10.5,1.1,38704.0,"(-82.9197770411835, 40.85076933932193)",0.11138177751591559,1.3576513006584694
0500000US39077,39,OHIO,OH,Huron,39077,"Huron County, Ohio",491.49445405,59186.0,0.0,25150.0,129.0,22507.0,310.0,8115.0,860.0,2366.0,227.0,22666.0,598.0,4712.0,369.0,8529.0,70.0,15046.0,50.0,7960.0,575.0,2224.0,274.6,5288.0,58.0,920.0,316.3,738.0,160.1,2076.0,303.0,455.0,134.8,1621.0,243.0,900.0,319.0,13.9,1.5,8.1,0.8,22666.0,598.0,12.0,0.9,14.4,0.1,25.4,0.1,13.6,1.0,9.9,1.2,8.9,0.1,1.7,0.6,2.9,0.6,8.3,1.2,2.0,0.6,7.2,1.1,1.5,0.5,0.3333,0.3218,0.5747,0.5172,1.7471,0.4483,0.2529,0.9195,0.3563,0.7126,2.2414,0.6897,0.6207,0.9655,1.5862,0.8506,0.4023,0.6322,0.908,0.6322,0.3678,2.9425,0.7126,8.5172,0.6782,0.0,0.0,0.0,0.0,0.0,0.0,1.0,0.0,0.0,1.0,0.0,1.0,1.0,0.0,0.0,1.0,0.0,0.0,1.0,3.0,6267.0,572.0,10.7,1.0,56990.0,"(-82.5984061948421, 41.146152345710604)",0.13746481624806442,1.5810664089229827
0500000US39087,39,OHIO,OH,Lawrence,39087,"Lawrence County, Ohio",453.37048504,62100.0,0.0,27474.0,80.0,23622.0,560.0,10652.0,1148.0,2265.0,360.0,21760.0,1006.0,6290.0,668.0,10247.0,127.0,14378.0,130.0,12931.0,662.0,2129.0,340.8,3107.0,87.0,29.0,100.8,475.0,112.5,4380.0,415.0,418.0,141.4,1581.0,269.0,653.0,162.0,17.4,1.9,8.5,1.4,21760.0,1006.0,14.7,1.6,16.5,0.2,23.2,0.2,21.0,1.1,9.0,1.4,5.0,0.1,0.0,0.2,1.7,0.4,15.9,1.5,1.8,0.6,6.7,1.1,1.1,0.3,0.6552,0.3908,0.7356,0.7931,2.5747,0.6897,0.6667,0.4023,0.977,0.5287,2.5747,0.8851,0.3218,0.0345,0.3563,0.092,0.1379,0.8736,0.7701,0.5287,0.1379,2.4483,0.4483,7.954,0.5517,0.0,0.0,0.0,0.0,0.0,0.0,0.0,1.0,0.0,1.0,0.0,0.0,0.0,0.0,0.0,0.0,0.0,0.0,0.0,1.0,7045.0,726.0,11.4,1.2,50445.0,"(-82.53677866066334, 38.59841852010695)",0.12250266371504905,1.7910368264154903
0500000US39131,39,OHIO,OH,Pike,39131,"Pike County, Ohio",440.28154616,28504.0,0.0,12534.0,92.0,10944.0,300.0,6765.0,947.0,1884.0,317.0,20292.0,1050.0,4403.0,405.0,4359.0,86.0,6977.0,92.0,6337.0,728.0,1184.0,203.8,1186.0,21.0,67.0,122.3,148.0,64.0,3138.0,324.0,200.0,89.6,1010.0,203.0,489.0,146.0,24.2,3.4,16.1,2.5,20292.0,1050.0,22.9,2.1,15.3,0.3,24.5,0.3,22.5,2.6,10.8,1.8,4.2,0.1,0.3,0.5,1.2,0.5,25.0,2.6,1.8,0.8,9.2,1.8,1.7,0.5,0.9655,1.0,0.8736,0.977,3.8161,0.9885,0.3678,0.7356,1.0,0.8736,2.977,0.9885,0.2299,0.2874,0.5172,0.1839,0.0345,0.977,0.8276,0.9195,0.4138,3.1724,0.8161,10.4828,0.9655,1.0,1.0,0.0,1.0,3.0,0.0,0.0,1.0,0.0,1.0,0.0,0.0,0.0,0.0,1.0,0.0,1.0,0.0,2.0,6.0,4124.0,482.0,14.7,1.7,28726.0,"(-83.06676497485866, 39.07731963793957)",0.11965138459458406,1.594923958931726
0500000US39009,39,OHIO,OH,Athens,39009,"Athens County, Ohio",503.62498893,64840.0,0.0,26315.0,244.0,22208.0,531.0,17485.0,1167.0,3458.0,434.0,17069.0,529.0,3641.0,297.0,6920.0,78.0,10087.0,0.0,9038.0,669.0,1672.0,312.6,6361.0,37.0,245.0,122.4,2489.0,292.8,4062.0,343.0,249.0,104.7,2018.0,292.0,9493.0,592.0,31.6,2.0,11.5,1.5,17069.0,529.0,10.6,0.9,10.7,0.1,15.6,0.0,14.1,1.0,7.5,1.4,9.8,0.1,0.4,0.2,9.5,1.1,15.4,1.3,1.1,0.5,9.1,1.3,14.6,0.9,1.0,0.8966,1.0,0.3103,3.2069,0.8851,0.0345,0.0115,0.4713,0.2069,0.7241,0.023,0.6897,0.4483,1.1379,0.6092,0.908,0.8391,0.4023,0.908,0.9885,4.046,1.0,9.1149,0.7816,1.0,0.0,1.0,0.0,2.0,0.0,0.0,0.0,0.0,0.0,0.0,0.0,0.0,1.0,0.0,0.0,1.0,1.0,3.0,5.0,5992.0,600.0,9.3,0.9,79622.0,"(-82.04520579266548, 39.333888426423094)",0.13754088546173057,1.8521611984188253
0500000US39085,39,OHIO,OH,Lake,39085,"Lake County, Ohio",228.03829219,229602.0,0.0,101468.0,206.0,94089.0,720.0,20848.0,1387.0,9039.0,648.0,29556.0,517.0,14167.0,755.0,38956.0,40.0,49429.0,0.0,25735.0,1038.0,7221.0,475.4,22850.0,129.0,2450.0,362.3,9881.0,532.1,1892.0,271.0,751.0,157.1,5460.0,480.0,3054.0,359.0,9.2,0.6,7.2,0.5,29556.0,517.0,8.7,0.5,17.0,0.1,21.5,0.0,11.3,0.5,7.7,0.5,10.0,0.1,1.1,0.2,9.7,0.5,1.9,0.3,0.8,0.2,5.8,0.5,1.3,0.2,0.0805,0.1609,0.069,0.1264,0.4368,0.0805,0.7816,0.1839,0.1034,0.2299,1.2989,0.1034,0.7011,0.908,1.6092,0.8736,0.9195,0.1034,0.1149,0.3448,0.3333,1.8161,0.1954,5.1609,0.1034,0.0,0.0,0.0,0.0,0.0,0.0,0.0,0.0,0.0,0.0,0.0,1.0,1.0,1.0,0.0,0.0,0.0,0.0,1.0,2.0,20557.0,1299.0,9.0,0.6,212239.0,"(-81.23732522182527, 41.69656187212933)",0.06479289283413879,1.3766400228663342
0500000US39013,39,OHIO,OH,Belmont,39013,"Belmont County, Ohio",532.12839379,69793.0,0.0,32295.0,172.0,28007.0,383.0,9555.0,945.0,2955.0,380.0,23285.0,647.0,5430.0,433.0,12648.0,58.0,13453.0,38.0,10988.0,667.0,1915.0,228.9,4621.0,18.0,60.0,100.2,1253.0,216.4,2861.0,337.0,149.0,85.9,2221.0,270.0,4015.0,384.0,14.5,1.4,9.0,1.1,23285.0,647.0,10.7,0.9,18.1,0.1,19.3,0.1,16.7,1.0,6.8,0.8,6.6,0.0,0.1,0.2,3.9,0.7,8.9,1.0,0.5,0.3,7.9,0.9,5.8,0.6,0.4023,0.5057,0.4828,0.3333,1.7241,0.4253,0.8621,0.023,0.7931,0.092,1.7701,0.3103,0.4943,0.0805,0.5747,0.2069,0.5632,0.6667,0.0,0.7356,0.8966,2.8621,0.6667,6.931,0.3908,0.0,0.0,0.0,0.0,0.0,0.0,0.0,0.0,0.0,0.0,0.0,0.0,0.0,0.0,0.0,0.0,0.0,0.0,0.0,0.0,7013.0,669.0,10.6,1.0,61849.0,"(-80.98846138999811, 40.01583727171465)",0.1479073418413948,1.6809854595447362
0500000US39135,39,OHIO,OH,Preble,39135,"Preble County, Ohio",424.22510877,41887.0,0.0,17870.0,69.0,16151.0,252.0,5280.0,645.0,1674.0,265.0,23603.0,1148.0,3624.0,324.0,6771.0,41.0,9920.0,25.0,6705.0,463.0,1326.0,202.4,1270.0,24.0,116.0,101.3,366.0,125.9,806.0,131.0,166.0,66.9,722.0,162.0,422.0,149.0,12.8,1.6,8.0,1.2,23603.0,1148.0,12.6,1.1,16.2,0.1,23.7,0.1,16.1,1.1,8.2,1.2,3.0,0.1,0.3,0.3,2.0,0.7,4.5,0.7,1.0,0.4,4.5,1.0,1.0,0.4,0.2299,0.2874,0.4368,0.5517,1.5057,0.3218,0.6092,0.5747,0.7241,0.3218,2.2299,0.6552,0.0575,0.3218,0.3793,0.1149,0.2759,0.2874,0.3103,0.0805,0.1034,1.0575,0.0115,5.1724,0.1149,0.0,0.0,0.0,0.0,0.0,0.0,0.0,0.0,0.0,0.0,0.0,0.0,0.0,0.0,0.0,0.0,0.0,0.0,0.0,0.0,4511.0,549.0,10.9,1.3,33680.0,"(-84.64797980520655, 39.74152618171371)",0.11605481998957017,1.3624506155442186
0500000US39027,39,OHIO,OH,Clinton,39027,"Clinton County, Ohio",408.68434768,41871.0,0.0,18075.0,116.0,16052.0,311.0,6855.0,753.0,2165.0,302.0,22828.0,1522.0,3449.0,418.0,5978.0,63.0,10243.0,151.0,5690.0,463.0,1989.0,274.1,2668.0,59.0,76.0,104.2,941.0,199.7,1479.0,199.0,216.0,94.4,1112.0,192.0,1167.0,223.0,16.9,1.9,10.6,1.4,22828.0,1522.0,12.5,1.5,14.3,0.1,24.5,0.4,13.7,1.1,12.4,1.7,6.4,0.1,0.2,0.3,5.2,1.1,8.2,1.1,1.3,0.6,6.9,1.2,2.8,0.5,0.6092,0.7701,0.5517,0.5402,2.4713,0.6552,0.2299,0.7241,0.3793,1.0,2.3333,0.7586,0.4483,0.1954,0.6437,0.2299,0.7241,0.6207,0.5632,0.5632,0.6897,3.1609,0.8046,8.6092,0.7011,0.0,0.0,0.0,0.0,0.0,0.0,0.0,0.0,1.0,1.0,0.0,0.0,0.0,0.0,0.0,0.0,0.0,0.0,0.0,1.0,4673.0,615.0,11.2,1.5,43645.0,"(-83.80836877642379, 39.41498202415132)",0.11168982013745703,1.3865052288570705
0500000US39129,39,OHIO,OH,Pickaway,39129,"Pickaway County, Ohio",501.32042408,56279.0,0.0,21225.0,154.0,19435.0,346.0,6597.0,983.0,1945.0,284.0,24341.0,952.0,5700.0,506.0,7714.0,36.0,12779.0,79.0,7982.0,639.0,1794.0,277.0,3704.0,16.0,8.0,105.0,422.0,144.3,1842.0,264.0,245.0,95.9,1040.0,238.0,4358.0,382.0,12.8,1.9,7.4,1.1,24341.0,952.0,14.9,1.3,13.7,0.1,22.7,0.1,15.3,1.2,9.2,1.4,6.6,0.0,0.0,0.2,2.0,0.7,8.7,1.2,1.3,0.5,5.4,1.2,7.7,0.7,0.2299,0.2069,0.3563,0.8276,1.6207,0.3678,0.1264,0.3333,0.6437,0.5747,1.6782,0.2759,0.4598,0.0115,0.4713,0.1494,0.2414,0.6552,0.4828,0.2529,0.9425,2.5747,0.4943,6.3448,0.2759,0.0,0.0,0.0,0.0,0.0,0.0,0.0,0.0,0.0,0.0,0.0,0.0,0.0,0.0,0.0,0.0,0.0,1.0,1.0,1.0,5109.0,601.0,9.8,1.2,48239.0,"(-83.02439177913631, 39.64192702188798)",0.13766256953128939,1.739841583932643
